filename,path,class,length
XC216010-3.wav,archive/Parsed_Capuchinbird_Clips/XC216010-3.wav,1.0,3.5
XC22397-2.wav,archive/Parsed_Capuchinbird_Clips/XC22397-2.wav,1.0,2.5
XC22397-5.wav,archive/Parsed_Capuchinbird_Clips/XC22397-5.wav,1.0,3.5
XC79965-6.wav,archive/Parsed_Capuchinbird_Clips/XC79965-6.wav,1.0,3.5
XC227469-0.wav,archive/Parsed_Capuchinbird_Clips/XC227469-0.wav,1.0,3.0
XC227468-0.wav,archive/Parsed_Capuchinbird_Clips/XC227468-0.wav,1.0,3.5
XC526106-2.wav,archive/Parsed_Capuchinbird_Clips/XC526106-2.wav,1.0,3.5
XC227469-2.wav,archive/Parsed_Capuchinbird_Clips/XC227469-2.wav,1.0,3.0
XC216012-7.wav,archive/Parsed_Capuchinbird_Clips/XC216012-7.wav,1.0,3.5
XC79965-3.wav,archive/Parsed_Capuchinbird_Clips/XC79965-3.wav,1.0,5.0
XC79965-9.wav,archive/Parsed_Capuchinbird_Clips/XC79965-9.wav,1.0,3.5
XC79965-8.wav,archive/Parsed_Capuchinbird_Clips/XC79965-8.wav,1.0,3.5
XC388470-1.wav,archive/Parsed_Capuchinbird_Clips/XC388470-1.wav,1.0,3.0
XC216010-0.wav,archive/Parsed_Capuchinbird_Clips/XC216010-0.wav,1.0,2.5
XC16803-1.wav,archive/Parsed_Capuchinbird_Clips/XC16803-1.wav,1.0,2.5
XC178167-1.wav,archive/Parsed_Capuchinbird_Clips/XC178167-1.wav,1.0,3.5
XC114131-2.wav,archive/Parsed_Capuchinbird_Clips/XC114131-2.wav,1.0,3.5
XC433953-5.wav,archive/Parsed_Capuchinbird_Clips/XC433953-5.wav,1.0,3.499954648526077
XC307385-1.wav,archive/Parsed_Capuchinbird_Clips/XC307385-1.wav,1.0,3.0
XC395129-5.wav,archive/Parsed_Capuchinbird_Clips/XC395129-5.wav,1.0,3.0
XC387509-0.wav,archive/Parsed_Capuchinbird_Clips/XC387509-0.wav,1.0,3.5
XC433953-4.wav,archive/Parsed_Capuchinbird_Clips/XC433953-4.wav,1.0,4.0
XC227471-6.wav,archive/Parsed_Capuchinbird_Clips/XC227471-6.wav,1.0,3.5
XC227468-4.wav,archive/Parsed_Capuchinbird_Clips/XC227468-4.wav,1.0,3.5
XC27882-0.wav,archive/Parsed_Capuchinbird_Clips/XC27882-0.wav,1.0,4.0
XC388470-5.wav,archive/Parsed_Capuchinbird_Clips/XC388470-5.wav,1.0,2.5
XC526106-1.wav,archive/Parsed_Capuchinbird_Clips/XC526106-1.wav,1.0,3.5
XC178167-0.wav,archive/Parsed_Capuchinbird_Clips/XC178167-0.wav,1.0,3.5
XC600460-5.wav,archive/Parsed_Capuchinbird_Clips/XC600460-5.wav,1.0,3.0
XC16803-0.wav,archive/Parsed_Capuchinbird_Clips/XC16803-0.wav,1.0,3.5
XC201990-5.wav,archive/Parsed_Capuchinbird_Clips/XC201990-5.wav,1.0,3.0
XC433953-3.wav,archive/Parsed_Capuchinbird_Clips/XC433953-3.wav,1.0,3.0
XC456236-0.wav,archive/Parsed_Capuchinbird_Clips/XC456236-0.wav,1.0,3.5
XC3776-5.wav,archive/Parsed_Capuchinbird_Clips/XC3776-5.wav,1.0,3.0
XC216012-8.wav,archive/Parsed_Capuchinbird_Clips/XC216012-8.wav,1.0,3.0
XC479556-0.wav,archive/Parsed_Capuchinbird_Clips/XC479556-0.wav,1.0,4.0
XC227471-5.wav,archive/Parsed_Capuchinbird_Clips/XC227471-5.wav,1.0,3.0
XC27882-1.wav,archive/Parsed_Capuchinbird_Clips/XC27882-1.wav,1.0,3.5
XC3776-6.wav,archive/Parsed_Capuchinbird_Clips/XC3776-6.wav,1.0,4.0
XC178168-1.wav,archive/Parsed_Capuchinbird_Clips/XC178168-1.wav,1.0,3.0
XC307385-0.wav,archive/Parsed_Capuchinbird_Clips/XC307385-0.wav,1.0,3.0
XC387509-2.wav,archive/Parsed_Capuchinbird_Clips/XC387509-2.wav,1.0,3.5
XC46241-0.wav,archive/Parsed_Capuchinbird_Clips/XC46241-0.wav,1.0,3.5
XC227471-2.wav,archive/Parsed_Capuchinbird_Clips/XC227471-2.wav,1.0,3.5
XC114131-4.wav,archive/Parsed_Capuchinbird_Clips/XC114131-4.wav,1.0,3.5
XC216012-2.wav,archive/Parsed_Capuchinbird_Clips/XC216012-2.wav,1.0,3.5
XC216012-15.wav,archive/Parsed_Capuchinbird_Clips/XC216012-15.wav,1.0,3.0
XC495697-3.wav,archive/Parsed_Capuchinbird_Clips/XC495697-3.wav,1.0,3.5
XC216012-11.wav,archive/Parsed_Capuchinbird_Clips/XC216012-11.wav,1.0,3.0
XC79965-4.wav,archive/Parsed_Capuchinbird_Clips/XC79965-4.wav,1.0,4.0
XC387509-4.wav,archive/Parsed_Capuchinbird_Clips/XC387509-4.wav,1.0,3.5
XC388470-3.wav,archive/Parsed_Capuchinbird_Clips/XC388470-3.wav,1.0,2.0
XC216010-5.wav,archive/Parsed_Capuchinbird_Clips/XC216010-5.wav,1.0,3.0
XC456236-4.wav,archive/Parsed_Capuchinbird_Clips/XC456236-4.wav,1.0,3.5
XC216010-7.wav,archive/Parsed_Capuchinbird_Clips/XC216010-7.wav,1.0,4.0
XC46241-1.wav,archive/Parsed_Capuchinbird_Clips/XC46241-1.wav,1.0,3.5
XC65196-1.wav,archive/Parsed_Capuchinbird_Clips/XC65196-1.wav,1.0,3.5
XC65196-4.wav,archive/Parsed_Capuchinbird_Clips/XC65196-4.wav,1.0,3.5
XC388470-4.wav,archive/Parsed_Capuchinbird_Clips/XC388470-4.wav,1.0,3.0
XC178167-3.wav,archive/Parsed_Capuchinbird_Clips/XC178167-3.wav,1.0,3.5
XC46077-2.wav,archive/Parsed_Capuchinbird_Clips/XC46077-2.wav,1.0,4.0
XC227469-3.wav,archive/Parsed_Capuchinbird_Clips/XC227469-3.wav,1.0,3.5
XC520626-1.wav,archive/Parsed_Capuchinbird_Clips/XC520626-1.wav,1.0,3.0
XC216010-1.wav,archive/Parsed_Capuchinbird_Clips/XC216010-1.wav,1.0,3.5
XC216012-5.wav,archive/Parsed_Capuchinbird_Clips/XC216012-5.wav,1.0,3.0
XC46077-0.wav,archive/Parsed_Capuchinbird_Clips/XC46077-0.wav,1.0,3.0
XC395129-0.wav,archive/Parsed_Capuchinbird_Clips/XC395129-0.wav,1.0,3.5
XC513083-1.wav,archive/Parsed_Capuchinbird_Clips/XC513083-1.wav,1.0,4.0
XC216012-17.wav,archive/Parsed_Capuchinbird_Clips/XC216012-17.wav,1.0,3.5
XC495697-4.wav,archive/Parsed_Capuchinbird_Clips/XC495697-4.wav,1.0,3.0
XC65195-0.wav,archive/Parsed_Capuchinbird_Clips/XC65195-0.wav,1.0,3.5
XC44070-2.wav,archive/Parsed_Capuchinbird_Clips/XC44070-2.wav,1.0,3.5
XC98557-1.wav,archive/Parsed_Capuchinbird_Clips/XC98557-1.wav,1.0,4.0
XC395129-4.wav,archive/Parsed_Capuchinbird_Clips/XC395129-4.wav,1.0,3.0
XC216012-3.wav,archive/Parsed_Capuchinbird_Clips/XC216012-3.wav,1.0,2.5
XC46077-1.wav,archive/Parsed_Capuchinbird_Clips/XC46077-1.wav,1.0,4.5
XC456236-2.wav,archive/Parsed_Capuchinbird_Clips/XC456236-2.wav,1.0,4.0
XC387509-3.wav,archive/Parsed_Capuchinbird_Clips/XC387509-3.wav,1.0,3.0
XC388470-6.wav,archive/Parsed_Capuchinbird_Clips/XC388470-6.wav,1.0,4.0
XC307385-4.wav,archive/Parsed_Capuchinbird_Clips/XC307385-4.wav,1.0,4.0
XC168899-0.wav,archive/Parsed_Capuchinbird_Clips/XC168899-0.wav,1.0,4.0
XC520626-3.wav,archive/Parsed_Capuchinbird_Clips/XC520626-3.wav,1.0,3.5
XC433953-8.wav,archive/Parsed_Capuchinbird_Clips/XC433953-8.wav,1.0,2.0
XC65196-0.wav,archive/Parsed_Capuchinbird_Clips/XC65196-0.wav,1.0,3.5
XC600460-4.wav,archive/Parsed_Capuchinbird_Clips/XC600460-4.wav,1.0,3.5
XC227471-0.wav,archive/Parsed_Capuchinbird_Clips/XC227471-0.wav,1.0,3.5
XC216012-12.wav,archive/Parsed_Capuchinbird_Clips/XC216012-12.wav,1.0,3.0
XC27881-1.wav,archive/Parsed_Capuchinbird_Clips/XC27881-1.wav,1.0,3.5
XC79965-0.wav,archive/Parsed_Capuchinbird_Clips/XC79965-0.wav,1.0,3.0
XC79965-7.wav,archive/Parsed_Capuchinbird_Clips/XC79965-7.wav,1.0,3.5
XC495697-0.wav,archive/Parsed_Capuchinbird_Clips/XC495697-0.wav,1.0,3.0
XC520626-2.wav,archive/Parsed_Capuchinbird_Clips/XC520626-2.wav,1.0,3.0
XC98557-0.wav,archive/Parsed_Capuchinbird_Clips/XC98557-0.wav,1.0,4.0
XC22397-1.wav,archive/Parsed_Capuchinbird_Clips/XC22397-1.wav,1.0,2.5
XC22397-7.wav,archive/Parsed_Capuchinbird_Clips/XC22397-7.wav,1.0,4.0
XC216012-10.wav,archive/Parsed_Capuchinbird_Clips/XC216012-10.wav,1.0,4.0
XC178168-2.wav,archive/Parsed_Capuchinbird_Clips/XC178168-2.wav,1.0,3.5
XC216012-20.wav,archive/Parsed_Capuchinbird_Clips/XC216012-20.wav,1.0,3.0
XC456314-0.wav,archive/Parsed_Capuchinbird_Clips/XC456314-0.wav,1.0,3.5
XC388470-0.wav,archive/Parsed_Capuchinbird_Clips/XC388470-0.wav,1.0,2.5
XC79965-1.wav,archive/Parsed_Capuchinbird_Clips/XC79965-1.wav,1.0,3.5
XC79965-2.wav,archive/Parsed_Capuchinbird_Clips/XC79965-2.wav,1.0,4.5
XC526106-3.wav,archive/Parsed_Capuchinbird_Clips/XC526106-3.wav,1.0,3.0
XC201990-3.wav,archive/Parsed_Capuchinbird_Clips/XC201990-3.wav,1.0,2.0
XC44070-0.wav,archive/Parsed_Capuchinbird_Clips/XC44070-0.wav,1.0,3.0
XC178167-2.wav,archive/Parsed_Capuchinbird_Clips/XC178167-2.wav,1.0,3.5
XC27882-4.wav,archive/Parsed_Capuchinbird_Clips/XC27882-4.wav,1.0,4.0
XC216012-4.wav,archive/Parsed_Capuchinbird_Clips/XC216012-4.wav,1.0,3.5
XC3776-4.wav,archive/Parsed_Capuchinbird_Clips/XC3776-4.wav,1.0,4.0
XC27882-5.wav,archive/Parsed_Capuchinbird_Clips/XC27882-5.wav,1.0,3.5
XC600460-1.wav,archive/Parsed_Capuchinbird_Clips/XC600460-1.wav,1.0,3.0
XC433953-2.wav,archive/Parsed_Capuchinbird_Clips/XC433953-2.wav,1.0,3.0
XC456236-3.wav,archive/Parsed_Capuchinbird_Clips/XC456236-3.wav,1.0,3.0
XC27882-2.wav,archive/Parsed_Capuchinbird_Clips/XC27882-2.wav,1.0,4.0
XC114132-2.wav,archive/Parsed_Capuchinbird_Clips/XC114132-2.wav,1.0,4.0
XC395129-2.wav,archive/Parsed_Capuchinbird_Clips/XC395129-2.wav,1.0,2.5
XC65196-2.wav,archive/Parsed_Capuchinbird_Clips/XC65196-2.wav,1.0,3.5
XC433953-0.wav,archive/Parsed_Capuchinbird_Clips/XC433953-0.wav,1.0,3.499954648526077
XC216012-14.wav,archive/Parsed_Capuchinbird_Clips/XC216012-14.wav,1.0,3.0
XC387509-5.wav,archive/Parsed_Capuchinbird_Clips/XC387509-5.wav,1.0,3.5
XC433953-7.wav,archive/Parsed_Capuchinbird_Clips/XC433953-7.wav,1.0,2.500045351473923
XC114131-3.wav,archive/Parsed_Capuchinbird_Clips/XC114131-3.wav,1.0,3.0
XC178168-6.wav,archive/Parsed_Capuchinbird_Clips/XC178168-6.wav,1.0,3.0
XC216012-0.wav,archive/Parsed_Capuchinbird_Clips/XC216012-0.wav,1.0,4.0
XC22397-6.wav,archive/Parsed_Capuchinbird_Clips/XC22397-6.wav,1.0,3.5
XC201990-4.wav,archive/Parsed_Capuchinbird_Clips/XC201990-4.wav,1.0,2.5
XC513083-2.wav,archive/Parsed_Capuchinbird_Clips/XC513083-2.wav,1.0,4.0
XC46241-2.wav,archive/Parsed_Capuchinbird_Clips/XC46241-2.wav,1.0,3.5
XC227469-1.wav,archive/Parsed_Capuchinbird_Clips/XC227469-1.wav,1.0,3.0
XC227468-2.wav,archive/Parsed_Capuchinbird_Clips/XC227468-2.wav,1.0,4.0
XC600460-3.wav,archive/Parsed_Capuchinbird_Clips/XC600460-3.wav,1.0,3.0
XC526106-5.wav,archive/Parsed_Capuchinbird_Clips/XC526106-5.wav,1.0,3.5
XC178168-3.wav,archive/Parsed_Capuchinbird_Clips/XC178168-3.wav,1.0,3.5
XC114131-0.wav,archive/Parsed_Capuchinbird_Clips/XC114131-0.wav,1.0,2.5
XC574020-0.wav,archive/Parsed_Capuchinbird_Clips/XC574020-0.wav,1.0,3.5
XC201990-2.wav,archive/Parsed_Capuchinbird_Clips/XC201990-2.wav,1.0,4.0
XC22397-3.wav,archive/Parsed_Capuchinbird_Clips/XC22397-3.wav,1.0,4.5
XC46241-5.wav,archive/Parsed_Capuchinbird_Clips/XC46241-5.wav,1.0,4.0
XC395129-6.wav,archive/Parsed_Capuchinbird_Clips/XC395129-6.wav,1.0,3.0
XC114131-1.wav,archive/Parsed_Capuchinbird_Clips/XC114131-1.wav,1.0,3.0
XC40355-0.wav,archive/Parsed_Capuchinbird_Clips/XC40355-0.wav,1.0,3.5
XC227471-4.wav,archive/Parsed_Capuchinbird_Clips/XC227471-4.wav,1.0,3.5
XC227468-5.wav,archive/Parsed_Capuchinbird_Clips/XC227468-5.wav,1.0,3.5
XC16803-2.wav,archive/Parsed_Capuchinbird_Clips/XC16803-2.wav,1.0,4.0
XC395129-1.wav,archive/Parsed_Capuchinbird_Clips/XC395129-1.wav,1.0,2.0
XC227469-4.wav,archive/Parsed_Capuchinbird_Clips/XC227469-4.wav,1.0,3.5
XC114132-6.wav,archive/Parsed_Capuchinbird_Clips/XC114132-6.wav,1.0,3.5
XC9221-1.wav,archive/Parsed_Capuchinbird_Clips/XC9221-1.wav,1.0,4.0
XC433953-10.wav,archive/Parsed_Capuchinbird_Clips/XC433953-10.wav,1.0,3.499954648526077
XC119294-0.wav,archive/Parsed_Capuchinbird_Clips/XC119294-0.wav,1.0,4.0
XC216012-9.wav,archive/Parsed_Capuchinbird_Clips/XC216012-9.wav,1.0,4.0
XC495697-2.wav,archive/Parsed_Capuchinbird_Clips/XC495697-2.wav,1.0,3.5
XC114132-1.wav,archive/Parsed_Capuchinbird_Clips/XC114132-1.wav,1.0,4.0
XC307385-3.wav,archive/Parsed_Capuchinbird_Clips/XC307385-3.wav,1.0,4.0
XC456236-1.wav,archive/Parsed_Capuchinbird_Clips/XC456236-1.wav,1.0,3.5
XC201990-0.wav,archive/Parsed_Capuchinbird_Clips/XC201990-0.wav,1.0,4.0
XC216012-18.wav,archive/Parsed_Capuchinbird_Clips/XC216012-18.wav,1.0,3.0
XC178168-4.wav,archive/Parsed_Capuchinbird_Clips/XC178168-4.wav,1.0,4.0
XC114132-5.wav,archive/Parsed_Capuchinbird_Clips/XC114132-5.wav,1.0,3.0
XC216012-6.wav,archive/Parsed_Capuchinbird_Clips/XC216012-6.wav,1.0,3.0
XC433953-9.wav,archive/Parsed_Capuchinbird_Clips/XC433953-9.wav,1.0,2.499954648526077
XC401294-0.wav,archive/Parsed_Capuchinbird_Clips/XC401294-0.wav,1.0,4.0
XC178168-0.wav,archive/Parsed_Capuchinbird_Clips/XC178168-0.wav,1.0,3.0
XC114132-4.wav,archive/Parsed_Capuchinbird_Clips/XC114132-4.wav,1.0,3.5
XC526106-4.wav,archive/Parsed_Capuchinbird_Clips/XC526106-4.wav,1.0,3.0
XC46241-4.wav,archive/Parsed_Capuchinbird_Clips/XC46241-4.wav,1.0,3.5
XC227468-3.wav,archive/Parsed_Capuchinbird_Clips/XC227468-3.wav,1.0,3.5
XC574021-0.wav,archive/Parsed_Capuchinbird_Clips/XC574021-0.wav,1.0,3.5
XC3776-0.wav,archive/Parsed_Capuchinbird_Clips/XC3776-0.wav,1.0,3.0
XC27881-2.wav,archive/Parsed_Capuchinbird_Clips/XC27881-2.wav,1.0,3.5
XC395129-3.wav,archive/Parsed_Capuchinbird_Clips/XC395129-3.wav,1.0,2.5
XC114132-3.wav,archive/Parsed_Capuchinbird_Clips/XC114132-3.wav,1.0,3.5
XC216012-19.wav,archive/Parsed_Capuchinbird_Clips/XC216012-19.wav,1.0,2.5
XC46241-3.wav,archive/Parsed_Capuchinbird_Clips/XC46241-3.wav,1.0,4.5
XC600460-2.wav,archive/Parsed_Capuchinbird_Clips/XC600460-2.wav,1.0,3.5
XC3776-3.wav,archive/Parsed_Capuchinbird_Clips/XC3776-3.wav,1.0,3.0
XC9892-0.wav,archive/Parsed_Capuchinbird_Clips/XC9892-0.wav,1.0,3.5
XC3776-2.wav,archive/Parsed_Capuchinbird_Clips/XC3776-2.wav,1.0,3.5
XC216012-13.wav,archive/Parsed_Capuchinbird_Clips/XC216012-13.wav,1.0,2.5
XC216010-4.wav,archive/Parsed_Capuchinbird_Clips/XC216010-4.wav,1.0,3.5
XC27881-0.wav,archive/Parsed_Capuchinbird_Clips/XC27881-0.wav,1.0,4.0
XC114132-0.wav,archive/Parsed_Capuchinbird_Clips/XC114132-0.wav,1.0,4.0
XC227471-7.wav,archive/Parsed_Capuchinbird_Clips/XC227471-7.wav,1.0,2.5
XC16804-0.wav,archive/Parsed_Capuchinbird_Clips/XC16804-0.wav,1.0,4.0
XC600460-0.wav,archive/Parsed_Capuchinbird_Clips/XC600460-0.wav,1.0,3.5
XC3776-1.wav,archive/Parsed_Capuchinbird_Clips/XC3776-1.wav,1.0,3.0
XC65196-3.wav,archive/Parsed_Capuchinbird_Clips/XC65196-3.wav,1.0,3.5
XC227471-3.wav,archive/Parsed_Capuchinbird_Clips/XC227471-3.wav,1.0,3.5
XC79965-10.wav,archive/Parsed_Capuchinbird_Clips/XC79965-10.wav,1.0,4.5
XC178168-7.wav,archive/Parsed_Capuchinbird_Clips/XC178168-7.wav,1.0,3.5
XC27882-6.wav,archive/Parsed_Capuchinbird_Clips/XC27882-6.wav,1.0,3.0
XC27881-3.wav,archive/Parsed_Capuchinbird_Clips/XC27881-3.wav,1.0,2.5
XC526106-0.wav,archive/Parsed_Capuchinbird_Clips/XC526106-0.wav,1.0,3.5
XC201990-1.wav,archive/Parsed_Capuchinbird_Clips/XC201990-1.wav,1.0,3.5
XC79965-5.wav,archive/Parsed_Capuchinbird_Clips/XC79965-5.wav,1.0,3.5
XC22397-4.wav,archive/Parsed_Capuchinbird_Clips/XC22397-4.wav,1.0,3.5
XC388470-2.wav,archive/Parsed_Capuchinbird_Clips/XC388470-2.wav,1.0,3.0
XC433953-6.wav,archive/Parsed_Capuchinbird_Clips/XC433953-6.wav,1.0,3.0
XC9221-2.wav,archive/Parsed_Capuchinbird_Clips/XC9221-2.wav,1.0,3.5
XC44070-1.wav,archive/Parsed_Capuchinbird_Clips/XC44070-1.wav,1.0,3.5
XC22397-0.wav,archive/Parsed_Capuchinbird_Clips/XC22397-0.wav,1.0,4.0
XC387509-1.wav,archive/Parsed_Capuchinbird_Clips/XC387509-1.wav,1.0,3.5
XC216010-2.wav,archive/Parsed_Capuchinbird_Clips/XC216010-2.wav,1.0,3.5
XC520626-0.wav,archive/Parsed_Capuchinbird_Clips/XC520626-0.wav,1.0,3.0
XC216012-16.wav,archive/Parsed_Capuchinbird_Clips/XC216012-16.wav,1.0,3.5
XC16804-1.wav,archive/Parsed_Capuchinbird_Clips/XC16804-1.wav,1.0,4.0
XC307385-2.wav,archive/Parsed_Capuchinbird_Clips/XC307385-2.wav,1.0,4.0
XC216012-1.wav,archive/Parsed_Capuchinbird_Clips/XC216012-1.wav,1.0,3.0
XC9221-0.wav,archive/Parsed_Capuchinbird_Clips/XC9221-0.wav,1.0,4.0
XC216010-6.wav,archive/Parsed_Capuchinbird_Clips/XC216010-6.wav,1.0,3.0
XC227471-1.wav,archive/Parsed_Capuchinbird_Clips/XC227471-1.wav,1.0,3.0
XC495697-1.wav,archive/Parsed_Capuchinbird_Clips/XC495697-1.wav,1.0,2.5
XC433953-1.wav,archive/Parsed_Capuchinbird_Clips/XC433953-1.wav,1.0,3.0
XC27882-3.wav,archive/Parsed_Capuchinbird_Clips/XC27882-3.wav,1.0,3.0
XC513083-0.wav,archive/Parsed_Capuchinbird_Clips/XC513083-0.wav,1.0,3.0
XC227468-1.wav,archive/Parsed_Capuchinbird_Clips/XC227468-1.wav,1.0,4.0
XC178168-5.wav,archive/Parsed_Capuchinbird_Clips/XC178168-5.wav,1.0,4.0
rain-thunder-and-crickets-sound-effect-42.wav,archive/Parsed_Not_Capuchinbird_Clips/rain-thunder-and-crickets-sound-effect-42.wav,0.0,3.001995464852608
birds-singing-in-forest-sounds-3.wav,archive/Parsed_Not_Capuchinbird_Clips/birds-singing-in-forest-sounds-3.wav,0.0,3.01
tawny-owl-sounds-5.wav,archive/Parsed_Not_Capuchinbird_Clips/tawny-owl-sounds-5.wav,0.0,3.0660090702947844
cricket-sounds-for-sleep-59.wav,archive/Parsed_Not_Capuchinbird_Clips/cricket-sounds-for-sleep-59.wav,0.0,3.019002267573696
rain-thunder-and-crickets-sound-effect-5.wav,archive/Parsed_Not_Capuchinbird_Clips/rain-thunder-and-crickets-sound-effect-5.wav,0.0,3.001995464852608
crow-cawing-sound-effect-10.wav,archive/Parsed_Not_Capuchinbird_Clips/crow-cawing-sound-effect-10.wav,0.0,3.0439909297052155
afternoon-birds-song-in-forest-12.wav,archive/Parsed_Not_Capuchinbird_Clips/afternoon-birds-song-in-forest-12.wav,0.0,3.058004535147392
corncrake-sound-2.wav,archive/Parsed_Not_Capuchinbird_Clips/corncrake-sound-2.wav,0.0,3.4119954648526076
crickets-chirping-crickets-sound-19.wav,archive/Parsed_Not_Capuchinbird_Clips/crickets-chirping-crickets-sound-19.wav,0.0,3.065986394557823
crickets-chirping-crickets-sound-20.wav,archive/Parsed_Not_Capuchinbird_Clips/crickets-chirping-crickets-sound-20.wav,0.0,3.0660090702947844
rain-thunder-and-crickets-sound-effect-4.wav,archive/Parsed_Not_Capuchinbird_Clips/rain-thunder-and-crickets-sound-effect-4.wav,0.0,3.001995464852608
magpies-and-crows-cawing-sound-effect-13.wav,archive/Parsed_Not_Capuchinbird_Clips/magpies-and-crows-cawing-sound-effect-13.wav,0.0,3.0109977324263038
sparrow-sound-effect-20.wav,archive/Parsed_Not_Capuchinbird_Clips/sparrow-sound-effect-20.wav,0.0,3.04
sparrow-sound-effect-26.wav,archive/Parsed_Not_Capuchinbird_Clips/sparrow-sound-effect-26.wav,0.0,3.04
cricket-sounds-for-sleep-56.wav,archive/Parsed_Not_Capuchinbird_Clips/cricket-sounds-for-sleep-56.wav,0.0,3.019002267573696
crickets-chirping-crickets-sound-16.wav,archive/Parsed_Not_Capuchinbird_Clips/crickets-chirping-crickets-sound-16.wav,0.0,3.0670068027210884
night-insect-sounds-11.wav,archive/Parsed_Not_Capuchinbird_Clips/night-insect-sounds-11.wav,0.0,3.034988662131519
crickets-chirping-noise-4.wav,archive/Parsed_Not_Capuchinbird_Clips/crickets-chirping-noise-4.wav,0.0,3.106984126984127
sparrow-sound-effect-28.wav,archive/Parsed_Not_Capuchinbird_Clips/sparrow-sound-effect-28.wav,0.0,3.04
Crickets-chirping-1.wav,archive/Parsed_Not_Capuchinbird_Clips/Crickets-chirping-1.wav,0.0,3.255011337868481
night-insect-sounds-46.wav,archive/Parsed_Not_Capuchinbird_Clips/night-insect-sounds-46.wav,0.0,3.034988662131519
rain-thunder-and-crickets-sound-effect-17.wav,archive/Parsed_Not_Capuchinbird_Clips/rain-thunder-and-crickets-sound-effect-17.wav,0.0,3.001995464852608
magpies-and-crows-cawing-sound-effect-2.wav,archive/Parsed_Not_Capuchinbird_Clips/magpies-and-crows-cawing-sound-effect-2.wav,0.0,3.0119954648526077
sparrow-sound-effect-41.wav,archive/Parsed_Not_Capuchinbird_Clips/sparrow-sound-effect-41.wav,0.0,3.04
forest-birds-and-insects-sound-effect-0.wav,archive/Parsed_Not_Capuchinbird_Clips/forest-birds-and-insects-sound-effect-0.wav,0.0,3.2229931972789116
cricket-sounds-for-sleep-47.wav,archive/Parsed_Not_Capuchinbird_Clips/cricket-sounds-for-sleep-47.wav,0.0,3.019002267573696
magpie-call-sound-effect-0.wav,archive/Parsed_Not_Capuchinbird_Clips/magpie-call-sound-effect-0.wav,0.0,3.63
cricket-sounds-for-sleep-10.wav,archive/Parsed_Not_Capuchinbird_Clips/cricket-sounds-for-sleep-10.wav,0.0,3.02
cricket-sounds-for-sleep-49.wav,archive/Parsed_Not_Capuchinbird_Clips/cricket-sounds-for-sleep-49.wav,0.0,3.019002267573696
cricket-sounds-for-sleep-0.wav,archive/Parsed_Not_Capuchinbird_Clips/cricket-sounds-for-sleep-0.wav,0.0,3.02
sparrow-sound-effect-29.wav,archive/Parsed_Not_Capuchinbird_Clips/sparrow-sound-effect-29.wav,0.0,3.04
screech-owl-sounds-at-night-1.wav,archive/Parsed_Not_Capuchinbird_Clips/screech-owl-sounds-at-night-1.wav,0.0,3.2189795918367348
birds-singing-in-forest-sounds-20.wav,archive/Parsed_Not_Capuchinbird_Clips/birds-singing-in-forest-sounds-20.wav,0.0,3.01
magpies-and-crows-cawing-sound-effect-10.wav,archive/Parsed_Not_Capuchinbird_Clips/magpies-and-crows-cawing-sound-effect-10.wav,0.0,3.011020408163265
sparrow-sound-effect-31.wav,archive/Parsed_Not_Capuchinbird_Clips/sparrow-sound-effect-31.wav,0.0,3.04
spooky-owl-sound-effect-0.wav,archive/Parsed_Not_Capuchinbird_Clips/spooky-owl-sound-effect-0.wav,0.0,2.9518367346938774
crickets-sound-effect-23.wav,archive/Parsed_Not_Capuchinbird_Clips/crickets-sound-effect-23.wav,0.0,3.080997732426304
sparrow-sound-effect-3.wav,archive/Parsed_Not_Capuchinbird_Clips/sparrow-sound-effect-3.wav,0.0,3.040997732426304
afternoon-birds-song-in-forest-18.wav,archive/Parsed_Not_Capuchinbird_Clips/afternoon-birds-song-in-forest-18.wav,0.0,3.058004535147392
cricket-sounds-for-sleep-25.wav,archive/Parsed_Not_Capuchinbird_Clips/cricket-sounds-for-sleep-25.wav,0.0,3.019002267573696
Crickets-chirping-at-night-0.wav,archive/Parsed_Not_Capuchinbird_Clips/Crickets-chirping-at-night-0.wav,0.0,3.1809977324263037
sparrow-sound-effect-43.wav,archive/Parsed_Not_Capuchinbird_Clips/sparrow-sound-effect-43.wav,0.0,3.04
crickets-chirping-noise-12.wav,archive/Parsed_Not_Capuchinbird_Clips/crickets-chirping-noise-12.wav,0.0,3.105986394557823
rain-thunder-and-crickets-sound-effect-30.wav,archive/Parsed_Not_Capuchinbird_Clips/rain-thunder-and-crickets-sound-effect-30.wav,0.0,3.001995464852608
cricket-sounds-for-sleep-36.wav,archive/Parsed_Not_Capuchinbird_Clips/cricket-sounds-for-sleep-36.wav,0.0,3.019002267573696
cricket-sounds-for-sleep-8.wav,archive/Parsed_Not_Capuchinbird_Clips/cricket-sounds-for-sleep-8.wav,0.0,3.02
cricket-sounds-for-sleep-2.wav,archive/Parsed_Not_Capuchinbird_Clips/cricket-sounds-for-sleep-2.wav,0.0,3.02
Crickets-chirping-at-night-13.wav,archive/Parsed_Not_Capuchinbird_Clips/Crickets-chirping-at-night-13.wav,0.0,3.18
crickets-chirping-crickets-sound-7.wav,archive/Parsed_Not_Capuchinbird_Clips/crickets-chirping-crickets-sound-7.wav,0.0,3.0670068027210884
afternoon-birds-song-in-forest-32.wav,archive/Parsed_Not_Capuchinbird_Clips/afternoon-birds-song-in-forest-32.wav,0.0,3.0570068027210886
afternoon-birds-song-in-forest-25.wav,archive/Parsed_Not_Capuchinbird_Clips/afternoon-birds-song-in-forest-25.wav,0.0,3.056984126984127
crickets-sound-effect-21.wav,archive/Parsed_Not_Capuchinbird_Clips/crickets-sound-effect-21.wav,0.0,3.080997732426304
birds-singing-in-forest-sounds-51.wav,archive/Parsed_Not_Capuchinbird_Clips/birds-singing-in-forest-sounds-51.wav,0.0,3.01
birds-singing-in-forest-sounds-26.wav,archive/Parsed_Not_Capuchinbird_Clips/birds-singing-in-forest-sounds-26.wav,0.0,3.01
crickets-sound-effect-27.wav,archive/Parsed_Not_Capuchinbird_Clips/crickets-sound-effect-27.wav,0.0,3.080997732426304
night-insect-sounds-25.wav,archive/Parsed_Not_Capuchinbird_Clips/night-insect-sounds-25.wav,0.0,3.0350113378684807
crickets-chirping-noise-21.wav,archive/Parsed_Not_Capuchinbird_Clips/crickets-chirping-noise-21.wav,0.0,3.1060090702947845
sparrow-sound-effect-35.wav,archive/Parsed_Not_Capuchinbird_Clips/sparrow-sound-effect-35.wav,0.0,3.04
night-insect-sounds-8.wav,archive/Parsed_Not_Capuchinbird_Clips/night-insect-sounds-8.wav,0.0,3.034988662131519
night-insect-sounds-6.wav,archive/Parsed_Not_Capuchinbird_Clips/night-insect-sounds-6.wav,0.0,3.034988662131519
crow-cawing-sound-effect-13.wav,archive/Parsed_Not_Capuchinbird_Clips/crow-cawing-sound-effect-13.wav,0.0,3.0439909297052155
robin-chirping-15.wav,archive/Parsed_Not_Capuchinbird_Clips/robin-chirping-15.wav,0.0,3.0480045351473923
afternoon-birds-song-in-forest-11.wav,archive/Parsed_Not_Capuchinbird_Clips/afternoon-birds-song-in-forest-11.wav,0.0,3.058004535147392
rain-thunder-and-crickets-sound-effect-0.wav,archive/Parsed_Not_Capuchinbird_Clips/rain-thunder-and-crickets-sound-effect-0.wav,0.0,3.001995464852608
sparrow-sound-effect-40.wav,archive/Parsed_Not_Capuchinbird_Clips/sparrow-sound-effect-40.wav,0.0,3.04
robin-chirping-2.wav,archive/Parsed_Not_Capuchinbird_Clips/robin-chirping-2.wav,0.0,3.048979591836735
night-insect-sounds-50.wav,archive/Parsed_Not_Capuchinbird_Clips/night-insect-sounds-50.wav,0.0,3.0350113378684807
sparrow-sound-effect-0.wav,archive/Parsed_Not_Capuchinbird_Clips/sparrow-sound-effect-0.wav,0.0,3.040997732426304
tawny-owl-sounds-1.wav,archive/Parsed_Not_Capuchinbird_Clips/tawny-owl-sounds-1.wav,0.0,3.0660090702947844
rain-thunder-and-crickets-sound-effect-16.wav,archive/Parsed_Not_Capuchinbird_Clips/rain-thunder-and-crickets-sound-effect-16.wav,0.0,3.002018140589569
magpies-and-crows-cawing-sound-effect-14.wav,archive/Parsed_Not_Capuchinbird_Clips/magpies-and-crows-cawing-sound-effect-14.wav,0.0,3.0109977324263038
bobwhite-quail-sound-2.wav,archive/Parsed_Not_Capuchinbird_Clips/bobwhite-quail-sound-2.wav,0.0,3.133015873015873
crickets-chirping-crickets-sound-13.wav,archive/Parsed_Not_Capuchinbird_Clips/crickets-chirping-crickets-sound-13.wav,0.0,3.0670068027210884
afternoon-birds-song-in-forest-23.wav,archive/Parsed_Not_Capuchinbird_Clips/afternoon-birds-song-in-forest-23.wav,0.0,3.0570068027210886
dove-bird-sounds-3.wav,archive/Parsed_Not_Capuchinbird_Clips/dove-bird-sounds-3.wav,0.0,3.0109977324263038
crickets-chirping-noise-0.wav,archive/Parsed_Not_Capuchinbird_Clips/crickets-chirping-noise-0.wav,0.0,3.106984126984127
forest-birds-and-insects-sound-effect-3.wav,archive/Parsed_Not_Capuchinbird_Clips/forest-birds-and-insects-sound-effect-3.wav,0.0,3.2219954648526077
birds-singing-in-forest-sounds-2.wav,archive/Parsed_Not_Capuchinbird_Clips/birds-singing-in-forest-sounds-2.wav,0.0,3.01
crickets-sound-effect-22.wav,archive/Parsed_Not_Capuchinbird_Clips/crickets-sound-effect-22.wav,0.0,3.080997732426304
cardinal-bird-call-3.wav,archive/Parsed_Not_Capuchinbird_Clips/cardinal-bird-call-3.wav,0.0,3.204988662131519
robin-chirping-24.wav,archive/Parsed_Not_Capuchinbird_Clips/robin-chirping-24.wav,0.0,3.047981859410431
sparrow-sound-effect-37.wav,archive/Parsed_Not_Capuchinbird_Clips/sparrow-sound-effect-37.wav,0.0,3.04
crow-cawing-sound-effect-14.wav,archive/Parsed_Not_Capuchinbird_Clips/crow-cawing-sound-effect-14.wav,0.0,3.0429931972789115
cricket-sounds-for-sleep-37.wav,archive/Parsed_Not_Capuchinbird_Clips/cricket-sounds-for-sleep-37.wav,0.0,3.019002267573696
birds-singing-in-forest-sounds-9.wav,archive/Parsed_Not_Capuchinbird_Clips/birds-singing-in-forest-sounds-9.wav,0.0,3.01
bobwhite-quail-sound-13.wav,archive/Parsed_Not_Capuchinbird_Clips/bobwhite-quail-sound-13.wav,0.0,3.1320181405895693
night-insect-sounds-34.wav,archive/Parsed_Not_Capuchinbird_Clips/night-insect-sounds-34.wav,0.0,3.034988662131519
robin-chirping-5.wav,archive/Parsed_Not_Capuchinbird_Clips/robin-chirping-5.wav,0.0,3.048979591836735
dove-bird-sounds-5.wav,archive/Parsed_Not_Capuchinbird_Clips/dove-bird-sounds-5.wav,0.0,3.0109977324263038
robin-chirping-23.wav,archive/Parsed_Not_Capuchinbird_Clips/robin-chirping-23.wav,0.0,3.047981859410431
rain-thunder-and-crickets-sound-effect-7.wav,archive/Parsed_Not_Capuchinbird_Clips/rain-thunder-and-crickets-sound-effect-7.wav,0.0,3.001995464852608
sparrow-sound-effect-18.wav,archive/Parsed_Not_Capuchinbird_Clips/sparrow-sound-effect-18.wav,0.0,3.04
cricket-sounds-for-sleep-55.wav,archive/Parsed_Not_Capuchinbird_Clips/cricket-sounds-for-sleep-55.wav,0.0,3.019002267573696
magpies-and-crows-cawing-sound-effect-4.wav,archive/Parsed_Not_Capuchinbird_Clips/magpies-and-crows-cawing-sound-effect-4.wav,0.0,3.0119954648526077
crickets-chirping-noise-6.wav,archive/Parsed_Not_Capuchinbird_Clips/crickets-chirping-noise-6.wav,0.0,3.1070068027210884
tawny-owl-sounds-2.wav,archive/Parsed_Not_Capuchinbird_Clips/tawny-owl-sounds-2.wav,0.0,3.0660090702947844
bobwhite-quail-sound-1.wav,archive/Parsed_Not_Capuchinbird_Clips/bobwhite-quail-sound-1.wav,0.0,3.1329931972789113
rain-thunder-and-crickets-sound-effect-26.wav,archive/Parsed_Not_Capuchinbird_Clips/rain-thunder-and-crickets-sound-effect-26.wav,0.0,3.002018140589569
night-insect-sounds-14.wav,archive/Parsed_Not_Capuchinbird_Clips/night-insect-sounds-14.wav,0.0,3.034988662131519
birds-singing-in-forest-sounds-0.wav,archive/Parsed_Not_Capuchinbird_Clips/birds-singing-in-forest-sounds-0.wav,0.0,3.01
afternoon-birds-song-in-forest-22.wav,archive/Parsed_Not_Capuchinbird_Clips/afternoon-birds-song-in-forest-22.wav,0.0,3.0570068027210886
sparrow-sound-effect-48.wav,archive/Parsed_Not_Capuchinbird_Clips/sparrow-sound-effect-48.wav,0.0,3.04
robin-chirping-22.wav,archive/Parsed_Not_Capuchinbird_Clips/robin-chirping-22.wav,0.0,3.0480045351473923
sparrow-sound-effect-32.wav,archive/Parsed_Not_Capuchinbird_Clips/sparrow-sound-effect-32.wav,0.0,3.04
crickets-chirping-crickets-sound-14.wav,archive/Parsed_Not_Capuchinbird_Clips/crickets-chirping-crickets-sound-14.wav,0.0,3.066984126984127
pond-bird-call-sound-effect-0.wav,archive/Parsed_Not_Capuchinbird_Clips/pond-bird-call-sound-effect-0.wav,0.0,3.838979591836735
cricket-sounds-for-sleep-21.wav,archive/Parsed_Not_Capuchinbird_Clips/cricket-sounds-for-sleep-21.wav,0.0,3.019002267573696
robin-chirping-8.wav,archive/Parsed_Not_Capuchinbird_Clips/robin-chirping-8.wav,0.0,3.048979591836735
night-insect-sounds-0.wav,archive/Parsed_Not_Capuchinbird_Clips/night-insect-sounds-0.wav,0.0,3.035986394557823
Crickets-chirping-3.wav,archive/Parsed_Not_Capuchinbird_Clips/Crickets-chirping-3.wav,0.0,3.255011337868481
cardinal-bird-call-2.wav,archive/Parsed_Not_Capuchinbird_Clips/cardinal-bird-call-2.wav,0.0,3.204988662131519
crickets-chirping-crickets-sound-23.wav,archive/Parsed_Not_Capuchinbird_Clips/crickets-chirping-crickets-sound-23.wav,0.0,3.065986394557823
rain-thunder-and-crickets-sound-effect-23.wav,archive/Parsed_Not_Capuchinbird_Clips/rain-thunder-and-crickets-sound-effect-23.wav,0.0,3.002018140589569
birds-singing-in-forest-sounds-30.wav,archive/Parsed_Not_Capuchinbird_Clips/birds-singing-in-forest-sounds-30.wav,0.0,3.01
night-insect-sounds-42.wav,archive/Parsed_Not_Capuchinbird_Clips/night-insect-sounds-42.wav,0.0,3.0350113378684807
flock-of-pigeons-cooing-sound-effect-3.wav,archive/Parsed_Not_Capuchinbird_Clips/flock-of-pigeons-cooing-sound-effect-3.wav,0.0,3.335011337868481
Crickets-chirping-at-night-2.wav,archive/Parsed_Not_Capuchinbird_Clips/Crickets-chirping-at-night-2.wav,0.0,3.1809977324263037
flock-of-pigeons-cooing-sound-effect-0.wav,archive/Parsed_Not_Capuchinbird_Clips/flock-of-pigeons-cooing-sound-effect-0.wav,0.0,3.335986394557823
afternoon-birds-song-in-forest-24.wav,archive/Parsed_Not_Capuchinbird_Clips/afternoon-birds-song-in-forest-24.wav,0.0,3.056984126984127
bobwhite-quail-sound-14.wav,archive/Parsed_Not_Capuchinbird_Clips/bobwhite-quail-sound-14.wav,0.0,3.131995464852608
robin-chirping-30.wav,archive/Parsed_Not_Capuchinbird_Clips/robin-chirping-30.wav,0.0,3.0480045351473923
bobwhite-quail-sound-10.wav,archive/Parsed_Not_Capuchinbird_Clips/bobwhite-quail-sound-10.wav,0.0,3.1320181405895693
night-insect-sounds-17.wav,archive/Parsed_Not_Capuchinbird_Clips/night-insect-sounds-17.wav,0.0,3.0350113378684807
tawny-owl-sounds-8.wav,archive/Parsed_Not_Capuchinbird_Clips/tawny-owl-sounds-8.wav,0.0,3.065011337868481
birds-singing-in-forest-sounds-29.wav,archive/Parsed_Not_Capuchinbird_Clips/birds-singing-in-forest-sounds-29.wav,0.0,3.01
crickets-sound-effect-30.wav,archive/Parsed_Not_Capuchinbird_Clips/crickets-sound-effect-30.wav,0.0,3.080997732426304
rain-thunder-and-crickets-sound-effect-45.wav,archive/Parsed_Not_Capuchinbird_Clips/rain-thunder-and-crickets-sound-effect-45.wav,0.0,3.001995464852608
birds-singing-in-forest-sounds-53.wav,archive/Parsed_Not_Capuchinbird_Clips/birds-singing-in-forest-sounds-53.wav,0.0,3.01
afternoon-birds-song-in-forest-6.wav,archive/Parsed_Not_Capuchinbird_Clips/afternoon-birds-song-in-forest-6.wav,0.0,3.058004535147392
afternoon-birds-song-in-forest-4.wav,archive/Parsed_Not_Capuchinbird_Clips/afternoon-birds-song-in-forest-4.wav,0.0,3.058004535147392
night-insect-sounds-24.wav,archive/Parsed_Not_Capuchinbird_Clips/night-insect-sounds-24.wav,0.0,3.034988662131519
sparrow-sound-effect-15.wav,archive/Parsed_Not_Capuchinbird_Clips/sparrow-sound-effect-15.wav,0.0,3.04
sparrow-sound-effect-27.wav,archive/Parsed_Not_Capuchinbird_Clips/sparrow-sound-effect-27.wav,0.0,3.04
robin-chirping-31.wav,archive/Parsed_Not_Capuchinbird_Clips/robin-chirping-31.wav,0.0,3.0480045351473923
curlew-sound-3.wav,archive/Parsed_Not_Capuchinbird_Clips/curlew-sound-3.wav,0.0,3.3629931972789118
cicadas-noise-sound-effect-3.wav,archive/Parsed_Not_Capuchinbird_Clips/cicadas-noise-sound-effect-3.wav,0.0,3.4660090702947848
rooster-call-sound-0.wav,archive/Parsed_Not_Capuchinbird_Clips/rooster-call-sound-0.wav,0.0,3.9429931972789114
night-insect-sounds-4.wav,archive/Parsed_Not_Capuchinbird_Clips/night-insect-sounds-4.wav,0.0,3.0360090702947846
night-insect-sounds-38.wav,archive/Parsed_Not_Capuchinbird_Clips/night-insect-sounds-38.wav,0.0,3.034988662131519
rain-thunder-and-crickets-sound-effect-20.wav,archive/Parsed_Not_Capuchinbird_Clips/rain-thunder-and-crickets-sound-effect-20.wav,0.0,3.001995464852608
cricket-sounds-for-sleep-31.wav,archive/Parsed_Not_Capuchinbird_Clips/cricket-sounds-for-sleep-31.wav,0.0,3.019002267573696
birds-singing-in-forest-sounds-43.wav,archive/Parsed_Not_Capuchinbird_Clips/birds-singing-in-forest-sounds-43.wav,0.0,3.01
night-insect-sounds-12.wav,archive/Parsed_Not_Capuchinbird_Clips/night-insect-sounds-12.wav,0.0,3.0350113378684807
sparrow-sound-effect-45.wav,archive/Parsed_Not_Capuchinbird_Clips/sparrow-sound-effect-45.wav,0.0,3.04
sparrow-sound-effect-19.wav,archive/Parsed_Not_Capuchinbird_Clips/sparrow-sound-effect-19.wav,0.0,3.04
cricket-sounds-for-sleep-51.wav,archive/Parsed_Not_Capuchinbird_Clips/cricket-sounds-for-sleep-51.wav,0.0,3.019002267573696
birds-singing-in-forest-sounds-56.wav,archive/Parsed_Not_Capuchinbird_Clips/birds-singing-in-forest-sounds-56.wav,0.0,3.0090022675736963
birds-singing-in-forest-sounds-55.wav,archive/Parsed_Not_Capuchinbird_Clips/birds-singing-in-forest-sounds-55.wav,0.0,3.0090022675736963
crickets-chirping-noise-19.wav,archive/Parsed_Not_Capuchinbird_Clips/crickets-chirping-noise-19.wav,0.0,3.105986394557823
sparrow-sound-effect-8.wav,archive/Parsed_Not_Capuchinbird_Clips/sparrow-sound-effect-8.wav,0.0,3.040997732426304
birds-singing-in-forest-sounds-22.wav,archive/Parsed_Not_Capuchinbird_Clips/birds-singing-in-forest-sounds-22.wav,0.0,3.01
rain-thunder-and-crickets-sound-effect-37.wav,archive/Parsed_Not_Capuchinbird_Clips/rain-thunder-and-crickets-sound-effect-37.wav,0.0,3.001995464852608
crickets-sound-effect-5.wav,archive/Parsed_Not_Capuchinbird_Clips/crickets-sound-effect-5.wav,0.0,3.0819954648526076
crickets-chirping-noise-17.wav,archive/Parsed_Not_Capuchinbird_Clips/crickets-chirping-noise-17.wav,0.0,3.1060090702947845
killdeer-sound-3.wav,archive/Parsed_Not_Capuchinbird_Clips/killdeer-sound-3.wav,0.0,3.1520181405895693
rain-thunder-and-crickets-sound-effect-40.wav,archive/Parsed_Not_Capuchinbird_Clips/rain-thunder-and-crickets-sound-effect-40.wav,0.0,3.001995464852608
rain-thunder-and-crickets-sound-effect-38.wav,archive/Parsed_Not_Capuchinbird_Clips/rain-thunder-and-crickets-sound-effect-38.wav,0.0,3.001995464852608
crickets-sound-effect-18.wav,archive/Parsed_Not_Capuchinbird_Clips/crickets-sound-effect-18.wav,0.0,3.080997732426304
cricket-sounds-for-sleep-38.wav,archive/Parsed_Not_Capuchinbird_Clips/cricket-sounds-for-sleep-38.wav,0.0,3.019002267573696
magpies-and-crows-cawing-sound-effect-9.wav,archive/Parsed_Not_Capuchinbird_Clips/magpies-and-crows-cawing-sound-effect-9.wav,0.0,3.0109977324263038
night-insect-sounds-29.wav,archive/Parsed_Not_Capuchinbird_Clips/night-insect-sounds-29.wav,0.0,3.034988662131519
crickets-sound-effect-14.wav,archive/Parsed_Not_Capuchinbird_Clips/crickets-sound-effect-14.wav,0.0,3.0819954648526076
dove-bird-sounds-9.wav,archive/Parsed_Not_Capuchinbird_Clips/dove-bird-sounds-9.wav,0.0,3.01
crickets-sound-effect-19.wav,archive/Parsed_Not_Capuchinbird_Clips/crickets-sound-effect-19.wav,0.0,3.080997732426304
dove-bird-call-sound-0.wav,archive/Parsed_Not_Capuchinbird_Clips/dove-bird-call-sound-0.wav,0.0,3.377981859410431
crickets-chirping-noise-16.wav,archive/Parsed_Not_Capuchinbird_Clips/crickets-chirping-noise-16.wav,0.0,3.105986394557823
birds-singing-in-forest-sounds-38.wav,archive/Parsed_Not_Capuchinbird_Clips/birds-singing-in-forest-sounds-38.wav,0.0,3.01
crickets-chirping-noise-2.wav,archive/Parsed_Not_Capuchinbird_Clips/crickets-chirping-noise-2.wav,0.0,3.1070068027210884
afternoon-birds-song-in-forest-2.wav,archive/Parsed_Not_Capuchinbird_Clips/afternoon-birds-song-in-forest-2.wav,0.0,3.058004535147392
Crickets-chirping-9.wav,archive/Parsed_Not_Capuchinbird_Clips/Crickets-chirping-9.wav,0.0,3.2539909297052154
sparrow-sound-effect-50.wav,archive/Parsed_Not_Capuchinbird_Clips/sparrow-sound-effect-50.wav,0.0,3.04
magpies-and-crows-cawing-sound-effect-6.wav,archive/Parsed_Not_Capuchinbird_Clips/magpies-and-crows-cawing-sound-effect-6.wav,0.0,3.012018140589569
night-insect-sounds-30.wav,archive/Parsed_Not_Capuchinbird_Clips/night-insect-sounds-30.wav,0.0,3.0350113378684807
afternoon-birds-song-in-forest-9.wav,archive/Parsed_Not_Capuchinbird_Clips/afternoon-birds-song-in-forest-9.wav,0.0,3.0579818594104307
rain-thunder-and-crickets-sound-effect-46.wav,archive/Parsed_Not_Capuchinbird_Clips/rain-thunder-and-crickets-sound-effect-46.wav,0.0,3.002018140589569
night-insect-sounds-44.wav,archive/Parsed_Not_Capuchinbird_Clips/night-insect-sounds-44.wav,0.0,3.034988662131519
sparrow-sound-effect-47.wav,archive/Parsed_Not_Capuchinbird_Clips/sparrow-sound-effect-47.wav,0.0,3.04
Crickets-chirping-10.wav,archive/Parsed_Not_Capuchinbird_Clips/Crickets-chirping-10.wav,0.0,3.254013605442177
rain-thunder-and-crickets-sound-effect-8.wav,archive/Parsed_Not_Capuchinbird_Clips/rain-thunder-and-crickets-sound-effect-8.wav,0.0,3.001995464852608
crickets-sound-effect-4.wav,archive/Parsed_Not_Capuchinbird_Clips/crickets-sound-effect-4.wav,0.0,3.0819954648526076
magpies-and-crows-cawing-sound-effect-18.wav,archive/Parsed_Not_Capuchinbird_Clips/magpies-and-crows-cawing-sound-effect-18.wav,0.0,3.0109977324263038
bobwhite-quail-sound-15.wav,archive/Parsed_Not_Capuchinbird_Clips/bobwhite-quail-sound-15.wav,0.0,3.131995464852608
cricket-sounds-for-sleep-39.wav,archive/Parsed_Not_Capuchinbird_Clips/cricket-sounds-for-sleep-39.wav,0.0,3.019002267573696
screech-owl-sounds-at-night-5.wav,archive/Parsed_Not_Capuchinbird_Clips/screech-owl-sounds-at-night-5.wav,0.0,3.217981859410431
birds-singing-in-forest-sounds-12.wav,archive/Parsed_Not_Capuchinbird_Clips/birds-singing-in-forest-sounds-12.wav,0.0,3.01
crickets-chirping-noise-7.wav,archive/Parsed_Not_Capuchinbird_Clips/crickets-chirping-noise-7.wav,0.0,3.1070068027210884
rain-thunder-and-crickets-sound-effect-6.wav,archive/Parsed_Not_Capuchinbird_Clips/rain-thunder-and-crickets-sound-effect-6.wav,0.0,3.002018140589569
crickets-chirping-crickets-sound-17.wav,archive/Parsed_Not_Capuchinbird_Clips/crickets-chirping-crickets-sound-17.wav,0.0,3.0670068027210884
crow-cawing-sound-effect-8.wav,archive/Parsed_Not_Capuchinbird_Clips/crow-cawing-sound-effect-8.wav,0.0,3.0439909297052155
cricket-sounds-for-sleep-9.wav,archive/Parsed_Not_Capuchinbird_Clips/cricket-sounds-for-sleep-9.wav,0.0,3.02
crickets-sound-effect-16.wav,archive/Parsed_Not_Capuchinbird_Clips/crickets-sound-effect-16.wav,0.0,3.080997732426304
crickets-chirping-noise-18.wav,archive/Parsed_Not_Capuchinbird_Clips/crickets-chirping-noise-18.wav,0.0,3.1060090702947845
dove-sound-effect-2.wav,archive/Parsed_Not_Capuchinbird_Clips/dove-sound-effect-2.wav,0.0,3.7949886621315194
Crickets-chirping-at-night-10.wav,archive/Parsed_Not_Capuchinbird_Clips/Crickets-chirping-at-night-10.wav,0.0,3.18
crickets-sound-effect-32.wav,archive/Parsed_Not_Capuchinbird_Clips/crickets-sound-effect-32.wav,0.0,3.080997732426304
rain-thunder-and-crickets-sound-effect-18.wav,archive/Parsed_Not_Capuchinbird_Clips/rain-thunder-and-crickets-sound-effect-18.wav,0.0,3.001995464852608
crow-cawing-sound-effect-1.wav,archive/Parsed_Not_Capuchinbird_Clips/crow-cawing-sound-effect-1.wav,0.0,3.0439909297052155
robin-chirping-3.wav,archive/Parsed_Not_Capuchinbird_Clips/robin-chirping-3.wav,0.0,3.048979591836735
birds-singing-in-forest-sounds-54.wav,archive/Parsed_Not_Capuchinbird_Clips/birds-singing-in-forest-sounds-54.wav,0.0,3.0090022675736963
birds-singing-in-forest-sounds-27.wav,archive/Parsed_Not_Capuchinbird_Clips/birds-singing-in-forest-sounds-27.wav,0.0,3.01
magpies-and-crows-cawing-sound-effect-12.wav,archive/Parsed_Not_Capuchinbird_Clips/magpies-and-crows-cawing-sound-effect-12.wav,0.0,3.0109977324263038
afternoon-birds-song-in-forest-28.wav,archive/Parsed_Not_Capuchinbird_Clips/afternoon-birds-song-in-forest-28.wav,0.0,3.0570068027210886
birds-singing-in-forest-sounds-5.wav,archive/Parsed_Not_Capuchinbird_Clips/birds-singing-in-forest-sounds-5.wav,0.0,3.01
cricket-sounds-for-sleep-46.wav,archive/Parsed_Not_Capuchinbird_Clips/cricket-sounds-for-sleep-46.wav,0.0,3.019002267573696
crickets-chirping-crickets-sound-25.wav,archive/Parsed_Not_Capuchinbird_Clips/crickets-chirping-crickets-sound-25.wav,0.0,3.0660090702947844
crickets-chirping-crickets-sound-5.wav,archive/Parsed_Not_Capuchinbird_Clips/crickets-chirping-crickets-sound-5.wav,0.0,3.066984126984127
rain-thunder-and-crickets-sound-effect-15.wav,archive/Parsed_Not_Capuchinbird_Clips/rain-thunder-and-crickets-sound-effect-15.wav,0.0,3.001995464852608
Crickets-chirping-at-night-12.wav,archive/Parsed_Not_Capuchinbird_Clips/Crickets-chirping-at-night-12.wav,0.0,3.18
birds-singing-in-forest-sounds-16.wav,archive/Parsed_Not_Capuchinbird_Clips/birds-singing-in-forest-sounds-16.wav,0.0,3.01
cricket-sounds-for-sleep-23.wav,archive/Parsed_Not_Capuchinbird_Clips/cricket-sounds-for-sleep-23.wav,0.0,3.019002267573696
curlew-sound-2.wav,archive/Parsed_Not_Capuchinbird_Clips/curlew-sound-2.wav,0.0,3.3639909297052153
crickets-chirping-crickets-sound-4.wav,archive/Parsed_Not_Capuchinbird_Clips/crickets-chirping-crickets-sound-4.wav,0.0,3.066984126984127
tawny-owl-sounds-9.wav,archive/Parsed_Not_Capuchinbird_Clips/tawny-owl-sounds-9.wav,0.0,3.0649886621315194
dove-bird-call-sound-2.wav,archive/Parsed_Not_Capuchinbird_Clips/dove-bird-call-sound-2.wav,0.0,3.3770068027210884
crickets-chirping-noise-11.wav,archive/Parsed_Not_Capuchinbird_Clips/crickets-chirping-noise-11.wav,0.0,3.1060090702947845
crickets-chirping-noise-8.wav,archive/Parsed_Not_Capuchinbird_Clips/crickets-chirping-noise-8.wav,0.0,3.1060090702947845
sparrow-sound-effect-51.wav,archive/Parsed_Not_Capuchinbird_Clips/sparrow-sound-effect-51.wav,0.0,3.04
crickets-chirping-noise-14.wav,archive/Parsed_Not_Capuchinbird_Clips/crickets-chirping-noise-14.wav,0.0,3.1060090702947845
crickets-chirping-crickets-sound-27.wav,archive/Parsed_Not_Capuchinbird_Clips/crickets-chirping-crickets-sound-27.wav,0.0,3.0660090702947844
tawny-owl-sounds-0.wav,archive/Parsed_Not_Capuchinbird_Clips/tawny-owl-sounds-0.wav,0.0,3.065986394557823
robin-chirping-11.wav,archive/Parsed_Not_Capuchinbird_Clips/robin-chirping-11.wav,0.0,3.048979591836735
killdeer-sound-9.wav,archive/Parsed_Not_Capuchinbird_Clips/killdeer-sound-9.wav,0.0,3.151995464852608
birds-singing-in-forest-sounds-40.wav,archive/Parsed_Not_Capuchinbird_Clips/birds-singing-in-forest-sounds-40.wav,0.0,3.01
sparrow-sound-effect-17.wav,archive/Parsed_Not_Capuchinbird_Clips/sparrow-sound-effect-17.wav,0.0,3.04
killdeer-sound-0.wav,archive/Parsed_Not_Capuchinbird_Clips/killdeer-sound-0.wav,0.0,3.151995464852608
crickets-chirping-crickets-sound-21.wav,archive/Parsed_Not_Capuchinbird_Clips/crickets-chirping-crickets-sound-21.wav,0.0,3.0660090702947844
rain-thunder-and-crickets-sound-effect-3.wav,archive/Parsed_Not_Capuchinbird_Clips/rain-thunder-and-crickets-sound-effect-3.wav,0.0,3.002018140589569
afternoon-birds-song-in-forest-3.wav,archive/Parsed_Not_Capuchinbird_Clips/afternoon-birds-song-in-forest-3.wav,0.0,3.058004535147392
sparrow-sound-effect-42.wav,archive/Parsed_Not_Capuchinbird_Clips/sparrow-sound-effect-42.wav,0.0,3.04
crickets-chirping-noise-20.wav,archive/Parsed_Not_Capuchinbird_Clips/crickets-chirping-noise-20.wav,0.0,3.1060090702947845
crickets-chirping-noise-5.wav,archive/Parsed_Not_Capuchinbird_Clips/crickets-chirping-noise-5.wav,0.0,3.106984126984127
birds-singing-in-forest-sounds-15.wav,archive/Parsed_Not_Capuchinbird_Clips/birds-singing-in-forest-sounds-15.wav,0.0,3.01
crickets-sound-effect-10.wav,archive/Parsed_Not_Capuchinbird_Clips/crickets-sound-effect-10.wav,0.0,3.0819954648526076
crickets-chirping-crickets-sound-2.wav,archive/Parsed_Not_Capuchinbird_Clips/crickets-chirping-crickets-sound-2.wav,0.0,3.0670068027210884
night-insect-sounds-33.wav,archive/Parsed_Not_Capuchinbird_Clips/night-insect-sounds-33.wav,0.0,3.034988662131519
tawny-owl-sounds-6.wav,archive/Parsed_Not_Capuchinbird_Clips/tawny-owl-sounds-6.wav,0.0,3.065986394557823
pheasant-sound-3.wav,archive/Parsed_Not_Capuchinbird_Clips/pheasant-sound-3.wav,0.0,3.5119954648526077
crickets-sound-effect-12.wav,archive/Parsed_Not_Capuchinbird_Clips/crickets-sound-effect-12.wav,0.0,3.0819954648526076
flock-of-pigeons-cooing-sound-effect-5.wav,archive/Parsed_Not_Capuchinbird_Clips/flock-of-pigeons-cooing-sound-effect-5.wav,0.0,3.3349886621315195
pheasant-sound-0.wav,archive/Parsed_Not_Capuchinbird_Clips/pheasant-sound-0.wav,0.0,3.5129931972789117
magpies-and-crows-cawing-sound-effect-16.wav,archive/Parsed_Not_Capuchinbird_Clips/magpies-and-crows-cawing-sound-effect-16.wav,0.0,3.0109977324263038
robin-chirping-4.wav,archive/Parsed_Not_Capuchinbird_Clips/robin-chirping-4.wav,0.0,3.048979591836735
crow-cawing-sound-effect-0.wav,archive/Parsed_Not_Capuchinbird_Clips/crow-cawing-sound-effect-0.wav,0.0,3.0439909297052155
sparrow-sound-effect-30.wav,archive/Parsed_Not_Capuchinbird_Clips/sparrow-sound-effect-30.wav,0.0,3.04
birds-singing-in-forest-sounds-35.wav,archive/Parsed_Not_Capuchinbird_Clips/birds-singing-in-forest-sounds-35.wav,0.0,3.01
cardinal-bird-call-1.wav,archive/Parsed_Not_Capuchinbird_Clips/cardinal-bird-call-1.wav,0.0,3.2060090702947845
cricket-sounds-for-sleep-48.wav,archive/Parsed_Not_Capuchinbird_Clips/cricket-sounds-for-sleep-48.wav,0.0,3.019002267573696
killdeer-sound-5.wav,archive/Parsed_Not_Capuchinbird_Clips/killdeer-sound-5.wav,0.0,3.151995464852608
birds-singing-in-forest-sounds-47.wav,archive/Parsed_Not_Capuchinbird_Clips/birds-singing-in-forest-sounds-47.wav,0.0,3.01
Crickets-chirping-0.wav,archive/Parsed_Not_Capuchinbird_Clips/Crickets-chirping-0.wav,0.0,3.2549886621315194
birds-singing-in-forest-sounds-11.wav,archive/Parsed_Not_Capuchinbird_Clips/birds-singing-in-forest-sounds-11.wav,0.0,3.01
crickets-sound-effect-20.wav,archive/Parsed_Not_Capuchinbird_Clips/crickets-sound-effect-20.wav,0.0,3.080997732426304
crickets-chirping-crickets-sound-29.wav,archive/Parsed_Not_Capuchinbird_Clips/crickets-chirping-crickets-sound-29.wav,0.0,3.065986394557823
cricket-sounds-for-sleep-5.wav,archive/Parsed_Not_Capuchinbird_Clips/cricket-sounds-for-sleep-5.wav,0.0,3.02
bobwhite-quail-sound-18.wav,archive/Parsed_Not_Capuchinbird_Clips/bobwhite-quail-sound-18.wav,0.0,3.131995464852608
killdeer-sound-6.wav,archive/Parsed_Not_Capuchinbird_Clips/killdeer-sound-6.wav,0.0,3.1520181405895693
rain-thunder-and-crickets-sound-effect-43.wav,archive/Parsed_Not_Capuchinbird_Clips/rain-thunder-and-crickets-sound-effect-43.wav,0.0,3.002018140589569
magpies-and-crows-cawing-sound-effect-17.wav,archive/Parsed_Not_Capuchinbird_Clips/magpies-and-crows-cawing-sound-effect-17.wav,0.0,3.0109977324263038
magpies-and-crows-cawing-sound-effect-19.wav,archive/Parsed_Not_Capuchinbird_Clips/magpies-and-crows-cawing-sound-effect-19.wav,0.0,3.0109977324263038
flock-of-pigeons-cooing-sound-effect-6.wav,archive/Parsed_Not_Capuchinbird_Clips/flock-of-pigeons-cooing-sound-effect-6.wav,0.0,3.335011337868481
sparrow-sound-effect-5.wav,archive/Parsed_Not_Capuchinbird_Clips/sparrow-sound-effect-5.wav,0.0,3.040997732426304
crickets-sound-effect-33.wav,archive/Parsed_Not_Capuchinbird_Clips/crickets-sound-effect-33.wav,0.0,3.080997732426304
sparrow-sound-effect-34.wav,archive/Parsed_Not_Capuchinbird_Clips/sparrow-sound-effect-34.wav,0.0,3.04
Crickets-chirping-5.wav,archive/Parsed_Not_Capuchinbird_Clips/Crickets-chirping-5.wav,0.0,3.2549886621315194
Crickets-chirping-4.wav,archive/Parsed_Not_Capuchinbird_Clips/Crickets-chirping-4.wav,0.0,3.2549886621315194
rain-thunder-and-crickets-sound-effect-19.wav,archive/Parsed_Not_Capuchinbird_Clips/rain-thunder-and-crickets-sound-effect-19.wav,0.0,3.001995464852608
night-insect-sounds-28.wav,archive/Parsed_Not_Capuchinbird_Clips/night-insect-sounds-28.wav,0.0,3.034988662131519
birds-singing-in-forest-sounds-8.wav,archive/Parsed_Not_Capuchinbird_Clips/birds-singing-in-forest-sounds-8.wav,0.0,3.01
night-insect-sounds-2.wav,archive/Parsed_Not_Capuchinbird_Clips/night-insect-sounds-2.wav,0.0,3.0360090702947846
killdeer-sound-8.wav,archive/Parsed_Not_Capuchinbird_Clips/killdeer-sound-8.wav,0.0,3.151995464852608
crickets-chirping-crickets-sound-8.wav,archive/Parsed_Not_Capuchinbird_Clips/crickets-chirping-crickets-sound-8.wav,0.0,3.0670068027210884
cricket-sounds-for-sleep-20.wav,archive/Parsed_Not_Capuchinbird_Clips/cricket-sounds-for-sleep-20.wav,0.0,3.019002267573696
robin-chirping-16.wav,archive/Parsed_Not_Capuchinbird_Clips/robin-chirping-16.wav,0.0,3.0480045351473923
cricket-sounds-for-sleep-19.wav,archive/Parsed_Not_Capuchinbird_Clips/cricket-sounds-for-sleep-19.wav,0.0,3.019002267573696
magpies-and-crows-cawing-sound-effect-11.wav,archive/Parsed_Not_Capuchinbird_Clips/magpies-and-crows-cawing-sound-effect-11.wav,0.0,3.0109977324263038
birds-singing-in-forest-sounds-1.wav,archive/Parsed_Not_Capuchinbird_Clips/birds-singing-in-forest-sounds-1.wav,0.0,3.01
crickets-chirping-crickets-sound-24.wav,archive/Parsed_Not_Capuchinbird_Clips/crickets-chirping-crickets-sound-24.wav,0.0,3.0660090702947844
night-insect-sounds-48.wav,archive/Parsed_Not_Capuchinbird_Clips/night-insect-sounds-48.wav,0.0,3.034988662131519
sparrow-sound-effect-22.wav,archive/Parsed_Not_Capuchinbird_Clips/sparrow-sound-effect-22.wav,0.0,3.04
Crickets-chirping-at-night-7.wav,archive/Parsed_Not_Capuchinbird_Clips/Crickets-chirping-at-night-7.wav,0.0,3.18
crow-cawing-sound-effect-5.wav,archive/Parsed_Not_Capuchinbird_Clips/crow-cawing-sound-effect-5.wav,0.0,3.0439909297052155
birds-singing-in-forest-sounds-48.wav,archive/Parsed_Not_Capuchinbird_Clips/birds-singing-in-forest-sounds-48.wav,0.0,3.01
sparrow-sound-effect-6.wav,archive/Parsed_Not_Capuchinbird_Clips/sparrow-sound-effect-6.wav,0.0,3.040997732426304
dove-sound-effect-1.wav,archive/Parsed_Not_Capuchinbird_Clips/dove-sound-effect-1.wav,0.0,3.795011337868481
crickets-chirping-crickets-sound-3.wav,archive/Parsed_Not_Capuchinbird_Clips/crickets-chirping-crickets-sound-3.wav,0.0,3.0670068027210884
dove-sound-effect-0.wav,archive/Parsed_Not_Capuchinbird_Clips/dove-sound-effect-0.wav,0.0,3.795986394557823
afternoon-birds-song-in-forest-8.wav,archive/Parsed_Not_Capuchinbird_Clips/afternoon-birds-song-in-forest-8.wav,0.0,3.058004535147392
birds-singing-in-forest-sounds-19.wav,archive/Parsed_Not_Capuchinbird_Clips/birds-singing-in-forest-sounds-19.wav,0.0,3.01
night-insect-sounds-9.wav,archive/Parsed_Not_Capuchinbird_Clips/night-insect-sounds-9.wav,0.0,3.034988662131519
night-insect-sounds-32.wav,archive/Parsed_Not_Capuchinbird_Clips/night-insect-sounds-32.wav,0.0,3.0350113378684807
crickets-sound-effect-31.wav,archive/Parsed_Not_Capuchinbird_Clips/crickets-sound-effect-31.wav,0.0,3.080997732426304
crickets-chirping-noise-3.wav,archive/Parsed_Not_Capuchinbird_Clips/crickets-chirping-noise-3.wav,0.0,3.1070068027210884
crickets-chirping-noise-1.wav,archive/Parsed_Not_Capuchinbird_Clips/crickets-chirping-noise-1.wav,0.0,3.1070068027210884
cricket-sounds-for-sleep-13.wav,archive/Parsed_Not_Capuchinbird_Clips/cricket-sounds-for-sleep-13.wav,0.0,3.019002267573696
rain-thunder-and-crickets-sound-effect-12.wav,archive/Parsed_Not_Capuchinbird_Clips/rain-thunder-and-crickets-sound-effect-12.wav,0.0,3.001995464852608
afternoon-birds-song-in-forest-27.wav,archive/Parsed_Not_Capuchinbird_Clips/afternoon-birds-song-in-forest-27.wav,0.0,3.0570068027210886
robin-chirping-1.wav,archive/Parsed_Not_Capuchinbird_Clips/robin-chirping-1.wav,0.0,3.048979591836735
birds-singing-in-forest-sounds-24.wav,archive/Parsed_Not_Capuchinbird_Clips/birds-singing-in-forest-sounds-24.wav,0.0,3.01
night-insect-sounds-3.wav,archive/Parsed_Not_Capuchinbird_Clips/night-insect-sounds-3.wav,0.0,3.035986394557823
afternoon-birds-song-in-forest-31.wav,archive/Parsed_Not_Capuchinbird_Clips/afternoon-birds-song-in-forest-31.wav,0.0,3.0570068027210886
crickets-sound-effect-17.wav,archive/Parsed_Not_Capuchinbird_Clips/crickets-sound-effect-17.wav,0.0,3.080997732426304
crickets-sound-effect-25.wav,archive/Parsed_Not_Capuchinbird_Clips/crickets-sound-effect-25.wav,0.0,3.080997732426304
screech-owl-sounds-at-night-0.wav,archive/Parsed_Not_Capuchinbird_Clips/screech-owl-sounds-at-night-0.wav,0.0,3.2189795918367348
robin-chirping-18.wav,archive/Parsed_Not_Capuchinbird_Clips/robin-chirping-18.wav,0.0,3.0480045351473923
Crickets-chirping-at-night-5.wav,archive/Parsed_Not_Capuchinbird_Clips/Crickets-chirping-at-night-5.wav,0.0,3.18
flock-of-pigeons-cooing-sound-effect-4.wav,archive/Parsed_Not_Capuchinbird_Clips/flock-of-pigeons-cooing-sound-effect-4.wav,0.0,3.335011337868481
crickets-sound-effect-29.wav,archive/Parsed_Not_Capuchinbird_Clips/crickets-sound-effect-29.wav,0.0,3.080997732426304
cricket-sounds-for-sleep-24.wav,archive/Parsed_Not_Capuchinbird_Clips/cricket-sounds-for-sleep-24.wav,0.0,3.019002267573696
sparrow-sound-effect-7.wav,archive/Parsed_Not_Capuchinbird_Clips/sparrow-sound-effect-7.wav,0.0,3.040997732426304
magpies-and-crows-cawing-sound-effect-21.wav,archive/Parsed_Not_Capuchinbird_Clips/magpies-and-crows-cawing-sound-effect-21.wav,0.0,3.0109977324263038
crickets-chirping-crickets-sound-9.wav,archive/Parsed_Not_Capuchinbird_Clips/crickets-chirping-crickets-sound-9.wav,0.0,3.066984126984127
rain-thunder-and-crickets-sound-effect-9.wav,archive/Parsed_Not_Capuchinbird_Clips/rain-thunder-and-crickets-sound-effect-9.wav,0.0,3.001995464852608
crickets-sound-effect-2.wav,archive/Parsed_Not_Capuchinbird_Clips/crickets-sound-effect-2.wav,0.0,3.0819954648526076
rain-thunder-and-crickets-sound-effect-36.wav,archive/Parsed_Not_Capuchinbird_Clips/rain-thunder-and-crickets-sound-effect-36.wav,0.0,3.002018140589569
cricket-sounds-for-sleep-7.wav,archive/Parsed_Not_Capuchinbird_Clips/cricket-sounds-for-sleep-7.wav,0.0,3.02
robin-chirping-12.wav,archive/Parsed_Not_Capuchinbird_Clips/robin-chirping-12.wav,0.0,3.048979591836735
cricket-sounds-for-sleep-6.wav,archive/Parsed_Not_Capuchinbird_Clips/cricket-sounds-for-sleep-6.wav,0.0,3.02
afternoon-birds-song-in-forest-29.wav,archive/Parsed_Not_Capuchinbird_Clips/afternoon-birds-song-in-forest-29.wav,0.0,3.056984126984127
birds-singing-in-forest-sounds-44.wav,archive/Parsed_Not_Capuchinbird_Clips/birds-singing-in-forest-sounds-44.wav,0.0,3.01
night-insect-sounds-13.wav,archive/Parsed_Not_Capuchinbird_Clips/night-insect-sounds-13.wav,0.0,3.034988662131519
screech-owl-sounds-at-night-4.wav,archive/Parsed_Not_Capuchinbird_Clips/screech-owl-sounds-at-night-4.wav,0.0,3.2189795918367348
Crickets-chirping-at-night-1.wav,archive/Parsed_Not_Capuchinbird_Clips/Crickets-chirping-at-night-1.wav,0.0,3.1809977324263037
birds-singing-in-forest-sounds-32.wav,archive/Parsed_Not_Capuchinbird_Clips/birds-singing-in-forest-sounds-32.wav,0.0,3.01
sparrow-sound-effect-24.wav,archive/Parsed_Not_Capuchinbird_Clips/sparrow-sound-effect-24.wav,0.0,3.04
cricket-sounds-for-sleep-41.wav,archive/Parsed_Not_Capuchinbird_Clips/cricket-sounds-for-sleep-41.wav,0.0,3.019002267573696
cricket-sounds-for-sleep-27.wav,archive/Parsed_Not_Capuchinbird_Clips/cricket-sounds-for-sleep-27.wav,0.0,3.019002267573696
pheasant-sound-1.wav,archive/Parsed_Not_Capuchinbird_Clips/pheasant-sound-1.wav,0.0,3.5129931972789117
night-insect-sounds-43.wav,archive/Parsed_Not_Capuchinbird_Clips/night-insect-sounds-43.wav,0.0,3.034988662131519
killdeer-sound-7.wav,archive/Parsed_Not_Capuchinbird_Clips/killdeer-sound-7.wav,0.0,3.151995464852608
bobwhite-quail-sound-5.wav,archive/Parsed_Not_Capuchinbird_Clips/bobwhite-quail-sound-5.wav,0.0,3.1329931972789113
sparrow-sound-effect-10.wav,archive/Parsed_Not_Capuchinbird_Clips/sparrow-sound-effect-10.wav,0.0,3.040997732426304
forest-birds-and-insects-sound-effect-2.wav,archive/Parsed_Not_Capuchinbird_Clips/forest-birds-and-insects-sound-effect-2.wav,0.0,3.223015873015873
rain-thunder-and-crickets-sound-effect-14.wav,archive/Parsed_Not_Capuchinbird_Clips/rain-thunder-and-crickets-sound-effect-14.wav,0.0,3.001995464852608
sparrow-sound-effect-49.wav,archive/Parsed_Not_Capuchinbird_Clips/sparrow-sound-effect-49.wav,0.0,3.04
corncrake-sound-0.wav,archive/Parsed_Not_Capuchinbird_Clips/corncrake-sound-0.wav,0.0,3.4129931972789116
night-insect-sounds-5.wav,archive/Parsed_Not_Capuchinbird_Clips/night-insect-sounds-5.wav,0.0,3.0360090702947846
birds-singing-in-forest-sounds-28.wav,archive/Parsed_Not_Capuchinbird_Clips/birds-singing-in-forest-sounds-28.wav,0.0,3.01
magpies-and-crows-cawing-sound-effect-15.wav,archive/Parsed_Not_Capuchinbird_Clips/magpies-and-crows-cawing-sound-effect-15.wav,0.0,3.011020408163265
Crickets-chirping-at-night-9.wav,archive/Parsed_Not_Capuchinbird_Clips/Crickets-chirping-at-night-9.wav,0.0,3.18
cricket-sounds-for-sleep-28.wav,archive/Parsed_Not_Capuchinbird_Clips/cricket-sounds-for-sleep-28.wav,0.0,3.019002267573696
night-insect-sounds-21.wav,archive/Parsed_Not_Capuchinbird_Clips/night-insect-sounds-21.wav,0.0,3.034988662131519
cricket-sounds-for-sleep-40.wav,archive/Parsed_Not_Capuchinbird_Clips/cricket-sounds-for-sleep-40.wav,0.0,3.019002267573696
night-insect-sounds-31.wav,archive/Parsed_Not_Capuchinbird_Clips/night-insect-sounds-31.wav,0.0,3.034988662131519
sparrow-sound-effect-36.wav,archive/Parsed_Not_Capuchinbird_Clips/sparrow-sound-effect-36.wav,0.0,3.04
dove-bird-sounds-0.wav,archive/Parsed_Not_Capuchinbird_Clips/dove-bird-sounds-0.wav,0.0,3.0109977324263038
cricket-sounds-for-sleep-52.wav,archive/Parsed_Not_Capuchinbird_Clips/cricket-sounds-for-sleep-52.wav,0.0,3.019002267573696
night-insect-sounds-45.wav,archive/Parsed_Not_Capuchinbird_Clips/night-insect-sounds-45.wav,0.0,3.0350113378684807
night-insect-sounds-10.wav,archive/Parsed_Not_Capuchinbird_Clips/night-insect-sounds-10.wav,0.0,3.0350113378684807
cricket-sounds-for-sleep-45.wav,archive/Parsed_Not_Capuchinbird_Clips/cricket-sounds-for-sleep-45.wav,0.0,3.019002267573696
robin-chirping-6.wav,archive/Parsed_Not_Capuchinbird_Clips/robin-chirping-6.wav,0.0,3.048979591836735
sparrow-sound-effect-12.wav,archive/Parsed_Not_Capuchinbird_Clips/sparrow-sound-effect-12.wav,0.0,3.040997732426304
bobwhite-quail-sound-0.wav,archive/Parsed_Not_Capuchinbird_Clips/bobwhite-quail-sound-0.wav,0.0,3.1329931972789113
bobwhite-quail-sound-20.wav,archive/Parsed_Not_Capuchinbird_Clips/bobwhite-quail-sound-20.wav,0.0,3.1320181405895693
afternoon-birds-song-in-forest-0.wav,archive/Parsed_Not_Capuchinbird_Clips/afternoon-birds-song-in-forest-0.wav,0.0,3.0579818594104307
afternoon-birds-song-in-forest-26.wav,archive/Parsed_Not_Capuchinbird_Clips/afternoon-birds-song-in-forest-26.wav,0.0,3.0570068027210886
magpies-and-crows-cawing-sound-effect-3.wav,archive/Parsed_Not_Capuchinbird_Clips/magpies-and-crows-cawing-sound-effect-3.wav,0.0,3.012018140589569
bobwhite-quail-sound-3.wav,archive/Parsed_Not_Capuchinbird_Clips/bobwhite-quail-sound-3.wav,0.0,3.1329931972789113
crickets-sound-effect-7.wav,archive/Parsed_Not_Capuchinbird_Clips/crickets-sound-effect-7.wav,0.0,3.0819954648526076
crow-cawing-sound-effect-4.wav,archive/Parsed_Not_Capuchinbird_Clips/crow-cawing-sound-effect-4.wav,0.0,3.0439909297052155
cricket-sounds-for-sleep-17.wav,archive/Parsed_Not_Capuchinbird_Clips/cricket-sounds-for-sleep-17.wav,0.0,3.019002267573696
cricket-sounds-for-sleep-26.wav,archive/Parsed_Not_Capuchinbird_Clips/cricket-sounds-for-sleep-26.wav,0.0,3.019002267573696
cricket-sounds-for-sleep-42.wav,archive/Parsed_Not_Capuchinbird_Clips/cricket-sounds-for-sleep-42.wav,0.0,3.019002267573696
magpies-and-crows-cawing-sound-effect-7.wav,archive/Parsed_Not_Capuchinbird_Clips/magpies-and-crows-cawing-sound-effect-7.wav,0.0,3.0119954648526077
birds-singing-in-forest-sounds-45.wav,archive/Parsed_Not_Capuchinbird_Clips/birds-singing-in-forest-sounds-45.wav,0.0,3.01
screech-owl-sounds-at-night-7.wav,archive/Parsed_Not_Capuchinbird_Clips/screech-owl-sounds-at-night-7.wav,0.0,3.2180045351473923
sparrow-sound-effect-23.wav,archive/Parsed_Not_Capuchinbird_Clips/sparrow-sound-effect-23.wav,0.0,3.04
night-insect-sounds-40.wav,archive/Parsed_Not_Capuchinbird_Clips/night-insect-sounds-40.wav,0.0,3.0350113378684807
rain-thunder-and-crickets-sound-effect-10.wav,archive/Parsed_Not_Capuchinbird_Clips/rain-thunder-and-crickets-sound-effect-10.wav,0.0,3.001995464852608
night-insect-sounds-37.wav,archive/Parsed_Not_Capuchinbird_Clips/night-insect-sounds-37.wav,0.0,3.0350113378684807
cricket-sounds-for-sleep-57.wav,archive/Parsed_Not_Capuchinbird_Clips/cricket-sounds-for-sleep-57.wav,0.0,3.019002267573696
magpie-call-sound-effect-1.wav,archive/Parsed_Not_Capuchinbird_Clips/magpie-call-sound-effect-1.wav,0.0,3.63
cricket-sounds-for-sleep-54.wav,archive/Parsed_Not_Capuchinbird_Clips/cricket-sounds-for-sleep-54.wav,0.0,3.019002267573696
bobwhite-quail-sound-12.wav,archive/Parsed_Not_Capuchinbird_Clips/bobwhite-quail-sound-12.wav,0.0,3.131995464852608
robin-chirping-33.wav,archive/Parsed_Not_Capuchinbird_Clips/robin-chirping-33.wav,0.0,3.047981859410431
screech-owl-sounds-at-night-6.wav,archive/Parsed_Not_Capuchinbird_Clips/screech-owl-sounds-at-night-6.wav,0.0,3.2180045351473923
cicadas-noise-sound-effect-0.wav,archive/Parsed_Not_Capuchinbird_Clips/cicadas-noise-sound-effect-0.wav,0.0,3.466984126984127
bobwhite-quail-sound-17.wav,archive/Parsed_Not_Capuchinbird_Clips/bobwhite-quail-sound-17.wav,0.0,3.131995464852608
birds-singing-in-forest-sounds-6.wav,archive/Parsed_Not_Capuchinbird_Clips/birds-singing-in-forest-sounds-6.wav,0.0,3.01
birds-singing-in-forest-sounds-46.wav,archive/Parsed_Not_Capuchinbird_Clips/birds-singing-in-forest-sounds-46.wav,0.0,3.01
cricket-sounds-for-sleep-16.wav,archive/Parsed_Not_Capuchinbird_Clips/cricket-sounds-for-sleep-16.wav,0.0,3.019002267573696
night-insect-sounds-39.wav,archive/Parsed_Not_Capuchinbird_Clips/night-insect-sounds-39.wav,0.0,3.034988662131519
dove-bird-sounds-6.wav,archive/Parsed_Not_Capuchinbird_Clips/dove-bird-sounds-6.wav,0.0,3.0109977324263038
tawny-owl-sounds-4.wav,archive/Parsed_Not_Capuchinbird_Clips/tawny-owl-sounds-4.wav,0.0,3.0660090702947844
crickets-sound-effect-6.wav,archive/Parsed_Not_Capuchinbird_Clips/crickets-sound-effect-6.wav,0.0,3.082018140589569
tawny-owl-sounds-3.wav,archive/Parsed_Not_Capuchinbird_Clips/tawny-owl-sounds-3.wav,0.0,3.065986394557823
robin-chirping-21.wav,archive/Parsed_Not_Capuchinbird_Clips/robin-chirping-21.wav,0.0,3.0480045351473923
magpies-and-crows-cawing-sound-effect-0.wav,archive/Parsed_Not_Capuchinbird_Clips/magpies-and-crows-cawing-sound-effect-0.wav,0.0,3.0119954648526077
night-insect-sounds-20.wav,archive/Parsed_Not_Capuchinbird_Clips/night-insect-sounds-20.wav,0.0,3.0350113378684807
cricket-sounds-for-sleep-50.wav,archive/Parsed_Not_Capuchinbird_Clips/cricket-sounds-for-sleep-50.wav,0.0,3.019002267573696
cricket-sounds-for-sleep-32.wav,archive/Parsed_Not_Capuchinbird_Clips/cricket-sounds-for-sleep-32.wav,0.0,3.019002267573696
birds-singing-in-forest-sounds-34.wav,archive/Parsed_Not_Capuchinbird_Clips/birds-singing-in-forest-sounds-34.wav,0.0,3.01
birds-singing-in-forest-sounds-50.wav,archive/Parsed_Not_Capuchinbird_Clips/birds-singing-in-forest-sounds-50.wav,0.0,3.01
cricket-sounds-for-sleep-22.wav,archive/Parsed_Not_Capuchinbird_Clips/cricket-sounds-for-sleep-22.wav,0.0,3.019002267573696
cicadas-noise-sound-effect-2.wav,archive/Parsed_Not_Capuchinbird_Clips/cicadas-noise-sound-effect-2.wav,0.0,3.4670068027210883
crow-cawing-sound-effect-15.wav,archive/Parsed_Not_Capuchinbird_Clips/crow-cawing-sound-effect-15.wav,0.0,3.0429931972789115
robin-chirping-32.wav,archive/Parsed_Not_Capuchinbird_Clips/robin-chirping-32.wav,0.0,3.0480045351473923
rain-thunder-and-crickets-sound-effect-35.wav,archive/Parsed_Not_Capuchinbird_Clips/rain-thunder-and-crickets-sound-effect-35.wav,0.0,3.001995464852608
sparrow-sound-effect-13.wav,archive/Parsed_Not_Capuchinbird_Clips/sparrow-sound-effect-13.wav,0.0,3.04
afternoon-birds-song-in-forest-34.wav,archive/Parsed_Not_Capuchinbird_Clips/afternoon-birds-song-in-forest-34.wav,0.0,3.056984126984127
rain-thunder-and-crickets-sound-effect-27.wav,archive/Parsed_Not_Capuchinbird_Clips/rain-thunder-and-crickets-sound-effect-27.wav,0.0,3.001995464852608
forest-birds-and-insects-sound-effect-1.wav,archive/Parsed_Not_Capuchinbird_Clips/forest-birds-and-insects-sound-effect-1.wav,0.0,3.2229931972789116
crickets-chirping-crickets-sound-28.wav,archive/Parsed_Not_Capuchinbird_Clips/crickets-chirping-crickets-sound-28.wav,0.0,3.0660090702947844
sparrow-sound-effect-21.wav,archive/Parsed_Not_Capuchinbird_Clips/sparrow-sound-effect-21.wav,0.0,3.04
night-insect-sounds-41.wav,archive/Parsed_Not_Capuchinbird_Clips/night-insect-sounds-41.wav,0.0,3.034988662131519
cricket-sounds-for-sleep-12.wav,archive/Parsed_Not_Capuchinbird_Clips/cricket-sounds-for-sleep-12.wav,0.0,3.019002267573696
dove-bird-sounds-4.wav,archive/Parsed_Not_Capuchinbird_Clips/dove-bird-sounds-4.wav,0.0,3.0109977324263038
dove-bird-call-sound-1.wav,archive/Parsed_Not_Capuchinbird_Clips/dove-bird-call-sound-1.wav,0.0,3.3780045351473924
sparrow-sound-effect-39.wav,archive/Parsed_Not_Capuchinbird_Clips/sparrow-sound-effect-39.wav,0.0,3.04
birds-singing-in-forest-sounds-33.wav,archive/Parsed_Not_Capuchinbird_Clips/birds-singing-in-forest-sounds-33.wav,0.0,3.01
forest-birds-and-insects-sound-effect-4.wav,archive/Parsed_Not_Capuchinbird_Clips/forest-birds-and-insects-sound-effect-4.wav,0.0,3.2219954648526077
afternoon-birds-song-in-forest-17.wav,archive/Parsed_Not_Capuchinbird_Clips/afternoon-birds-song-in-forest-17.wav,0.0,3.058004535147392
sparrow-sound-effect-4.wav,archive/Parsed_Not_Capuchinbird_Clips/sparrow-sound-effect-4.wav,0.0,3.040997732426304
rain-thunder-and-crickets-sound-effect-24.wav,archive/Parsed_Not_Capuchinbird_Clips/rain-thunder-and-crickets-sound-effect-24.wav,0.0,3.001995464852608
robin-chirping-7.wav,archive/Parsed_Not_Capuchinbird_Clips/robin-chirping-7.wav,0.0,3.048979591836735
night-insect-sounds-51.wav,archive/Parsed_Not_Capuchinbird_Clips/night-insect-sounds-51.wav,0.0,3.034988662131519
night-insect-sounds-22.wav,archive/Parsed_Not_Capuchinbird_Clips/night-insect-sounds-22.wav,0.0,3.0350113378684807
Crickets-chirping-6.wav,archive/Parsed_Not_Capuchinbird_Clips/Crickets-chirping-6.wav,0.0,3.255011337868481
birds-singing-in-forest-sounds-37.wav,archive/Parsed_Not_Capuchinbird_Clips/birds-singing-in-forest-sounds-37.wav,0.0,3.01
crow-cawing-sound-effect-2.wav,archive/Parsed_Not_Capuchinbird_Clips/crow-cawing-sound-effect-2.wav,0.0,3.0439909297052155
crickets-chirping-crickets-sound-26.wav,archive/Parsed_Not_Capuchinbird_Clips/crickets-chirping-crickets-sound-26.wav,0.0,3.065986394557823
killdeer-sound-1.wav,archive/Parsed_Not_Capuchinbird_Clips/killdeer-sound-1.wav,0.0,3.151995464852608
bobwhite-quail-sound-4.wav,archive/Parsed_Not_Capuchinbird_Clips/bobwhite-quail-sound-4.wav,0.0,3.1329931972789113
robin-chirping-19.wav,archive/Parsed_Not_Capuchinbird_Clips/robin-chirping-19.wav,0.0,3.0480045351473923
rain-thunder-and-crickets-sound-effect-11.wav,archive/Parsed_Not_Capuchinbird_Clips/rain-thunder-and-crickets-sound-effect-11.wav,0.0,3.001995464852608
seagull-sound-in-distance-0.wav,archive/Parsed_Not_Capuchinbird_Clips/seagull-sound-in-distance-0.wav,0.0,3.3039909297052152
sparrow-sound-effect-38.wav,archive/Parsed_Not_Capuchinbird_Clips/sparrow-sound-effect-38.wav,0.0,3.04
magpies-and-crows-cawing-sound-effect-1.wav,archive/Parsed_Not_Capuchinbird_Clips/magpies-and-crows-cawing-sound-effect-1.wav,0.0,3.0119954648526077
birds-singing-in-forest-sounds-52.wav,archive/Parsed_Not_Capuchinbird_Clips/birds-singing-in-forest-sounds-52.wav,0.0,3.01
afternoon-birds-song-in-forest-16.wav,archive/Parsed_Not_Capuchinbird_Clips/afternoon-birds-song-in-forest-16.wav,0.0,3.058004535147392
night-insect-sounds-47.wav,archive/Parsed_Not_Capuchinbird_Clips/night-insect-sounds-47.wav,0.0,3.0350113378684807
night-insect-sounds-36.wav,archive/Parsed_Not_Capuchinbird_Clips/night-insect-sounds-36.wav,0.0,3.034988662131519
seagull-sound-in-distance-1.wav,archive/Parsed_Not_Capuchinbird_Clips/seagull-sound-in-distance-1.wav,0.0,3.3029931972789117
robin-chirping-26.wav,archive/Parsed_Not_Capuchinbird_Clips/robin-chirping-26.wav,0.0,3.0480045351473923
robin-chirping-20.wav,archive/Parsed_Not_Capuchinbird_Clips/robin-chirping-20.wav,0.0,3.0480045351473923
crickets-sound-effect-8.wav,archive/Parsed_Not_Capuchinbird_Clips/crickets-sound-effect-8.wav,0.0,3.0819954648526076
bobwhite-quail-sound-8.wav,archive/Parsed_Not_Capuchinbird_Clips/bobwhite-quail-sound-8.wav,0.0,3.1329931972789113
birds-singing-in-forest-sounds-10.wav,archive/Parsed_Not_Capuchinbird_Clips/birds-singing-in-forest-sounds-10.wav,0.0,3.01
magpies-and-crows-cawing-sound-effect-8.wav,archive/Parsed_Not_Capuchinbird_Clips/magpies-and-crows-cawing-sound-effect-8.wav,0.0,3.0119954648526077
rain-thunder-and-crickets-sound-effect-21.wav,archive/Parsed_Not_Capuchinbird_Clips/rain-thunder-and-crickets-sound-effect-21.wav,0.0,3.001995464852608
crickets-chirping-noise-9.wav,archive/Parsed_Not_Capuchinbird_Clips/crickets-chirping-noise-9.wav,0.0,3.105986394557823
curlew-sound-0.wav,archive/Parsed_Not_Capuchinbird_Clips/curlew-sound-0.wav,0.0,3.3639909297052153
afternoon-birds-song-in-forest-33.wav,archive/Parsed_Not_Capuchinbird_Clips/afternoon-birds-song-in-forest-33.wav,0.0,3.0570068027210886
cardinal-bird-call-0.wav,archive/Parsed_Not_Capuchinbird_Clips/cardinal-bird-call-0.wav,0.0,3.205986394557823
rain-thunder-and-crickets-sound-effect-34.wav,archive/Parsed_Not_Capuchinbird_Clips/rain-thunder-and-crickets-sound-effect-34.wav,0.0,3.001995464852608
cricket-sounds-for-sleep-35.wav,archive/Parsed_Not_Capuchinbird_Clips/cricket-sounds-for-sleep-35.wav,0.0,3.019002267573696
crickets-sound-effect-13.wav,archive/Parsed_Not_Capuchinbird_Clips/crickets-sound-effect-13.wav,0.0,3.082018140589569
rain-thunder-and-crickets-sound-effect-25.wav,archive/Parsed_Not_Capuchinbird_Clips/rain-thunder-and-crickets-sound-effect-25.wav,0.0,3.001995464852608
crow-cawing-sound-effect-11.wav,archive/Parsed_Not_Capuchinbird_Clips/crow-cawing-sound-effect-11.wav,0.0,3.0439909297052155
birds-singing-in-forest-sounds-17.wav,archive/Parsed_Not_Capuchinbird_Clips/birds-singing-in-forest-sounds-17.wav,0.0,3.01
bobwhite-quail-sound-9.wav,archive/Parsed_Not_Capuchinbird_Clips/bobwhite-quail-sound-9.wav,0.0,3.131995464852608
afternoon-birds-song-in-forest-30.wav,archive/Parsed_Not_Capuchinbird_Clips/afternoon-birds-song-in-forest-30.wav,0.0,3.056984126984127
birds-singing-in-forest-sounds-49.wav,archive/Parsed_Not_Capuchinbird_Clips/birds-singing-in-forest-sounds-49.wav,0.0,3.01
night-insect-sounds-1.wav,archive/Parsed_Not_Capuchinbird_Clips/night-insect-sounds-1.wav,0.0,3.0360090702947846
screech-owl-sounds-at-night-2.wav,archive/Parsed_Not_Capuchinbird_Clips/screech-owl-sounds-at-night-2.wav,0.0,3.2189795918367348
birds-singing-in-forest-sounds-18.wav,archive/Parsed_Not_Capuchinbird_Clips/birds-singing-in-forest-sounds-18.wav,0.0,3.01
cricket-sounds-for-sleep-30.wav,archive/Parsed_Not_Capuchinbird_Clips/cricket-sounds-for-sleep-30.wav,0.0,3.019002267573696
robin-chirping-14.wav,archive/Parsed_Not_Capuchinbird_Clips/robin-chirping-14.wav,0.0,3.047981859410431
night-insect-sounds-7.wav,archive/Parsed_Not_Capuchinbird_Clips/night-insect-sounds-7.wav,0.0,3.0350113378684807
night-insect-sounds-18.wav,archive/Parsed_Not_Capuchinbird_Clips/night-insect-sounds-18.wav,0.0,3.034988662131519
bobwhite-quail-sound-6.wav,archive/Parsed_Not_Capuchinbird_Clips/bobwhite-quail-sound-6.wav,0.0,3.1329931972789113
crickets-chirping-noise-10.wav,archive/Parsed_Not_Capuchinbird_Clips/crickets-chirping-noise-10.wav,0.0,3.1060090702947845
birds-singing-in-forest-sounds-42.wav,archive/Parsed_Not_Capuchinbird_Clips/birds-singing-in-forest-sounds-42.wav,0.0,3.01
night-insect-sounds-52.wav,archive/Parsed_Not_Capuchinbird_Clips/night-insect-sounds-52.wav,0.0,3.0350113378684807
sparrow-sound-effect-33.wav,archive/Parsed_Not_Capuchinbird_Clips/sparrow-sound-effect-33.wav,0.0,3.04
sparrow-sound-effect-2.wav,archive/Parsed_Not_Capuchinbird_Clips/sparrow-sound-effect-2.wav,0.0,3.040997732426304
sparrow-sound-effect-25.wav,archive/Parsed_Not_Capuchinbird_Clips/sparrow-sound-effect-25.wav,0.0,3.04
birds-singing-in-forest-sounds-25.wav,archive/Parsed_Not_Capuchinbird_Clips/birds-singing-in-forest-sounds-25.wav,0.0,3.01
crow-cawing-sound-effect-7.wav,archive/Parsed_Not_Capuchinbird_Clips/crow-cawing-sound-effect-7.wav,0.0,3.0439909297052155
sparrow-sound-effect-11.wav,archive/Parsed_Not_Capuchinbird_Clips/sparrow-sound-effect-11.wav,0.0,3.040997732426304
crow-cawing-sound-effect-6.wav,archive/Parsed_Not_Capuchinbird_Clips/crow-cawing-sound-effect-6.wav,0.0,3.0439909297052155
crickets-sound-effect-11.wav,archive/Parsed_Not_Capuchinbird_Clips/crickets-sound-effect-11.wav,0.0,3.0819954648526076
sparrow-sound-effect-1.wav,archive/Parsed_Not_Capuchinbird_Clips/sparrow-sound-effect-1.wav,0.0,3.040997732426304
rain-thunder-and-crickets-sound-effect-28.wav,archive/Parsed_Not_Capuchinbird_Clips/rain-thunder-and-crickets-sound-effect-28.wav,0.0,3.001995464852608
birds-singing-in-forest-sounds-7.wav,archive/Parsed_Not_Capuchinbird_Clips/birds-singing-in-forest-sounds-7.wav,0.0,3.01
crickets-chirping-crickets-sound-12.wav,archive/Parsed_Not_Capuchinbird_Clips/crickets-chirping-crickets-sound-12.wav,0.0,3.0670068027210884
crickets-sound-effect-26.wav,archive/Parsed_Not_Capuchinbird_Clips/crickets-sound-effect-26.wav,0.0,3.080997732426304
afternoon-birds-song-in-forest-13.wav,archive/Parsed_Not_Capuchinbird_Clips/afternoon-birds-song-in-forest-13.wav,0.0,3.058004535147392
curlew-sound-4.wav,archive/Parsed_Not_Capuchinbird_Clips/curlew-sound-4.wav,0.0,3.3630158730158732
sparrow-sound-effect-46.wav,archive/Parsed_Not_Capuchinbird_Clips/sparrow-sound-effect-46.wav,0.0,3.04
crow-cawing-sound-effect-9.wav,archive/Parsed_Not_Capuchinbird_Clips/crow-cawing-sound-effect-9.wav,0.0,3.0439909297052155
bobwhite-quail-sound-11.wav,archive/Parsed_Not_Capuchinbird_Clips/bobwhite-quail-sound-11.wav,0.0,3.131995464852608
afternoon-birds-song-in-forest-1.wav,archive/Parsed_Not_Capuchinbird_Clips/afternoon-birds-song-in-forest-1.wav,0.0,3.058004535147392
night-insect-sounds-16.wav,archive/Parsed_Not_Capuchinbird_Clips/night-insect-sounds-16.wav,0.0,3.034988662131519
dove-bird-sounds-7.wav,archive/Parsed_Not_Capuchinbird_Clips/dove-bird-sounds-7.wav,0.0,3.0109977324263038
tawny-owl-sounds-7.wav,archive/Parsed_Not_Capuchinbird_Clips/tawny-owl-sounds-7.wav,0.0,3.0660090702947844
night-insect-sounds-15.wav,archive/Parsed_Not_Capuchinbird_Clips/night-insect-sounds-15.wav,0.0,3.0350113378684807
rain-thunder-and-crickets-sound-effect-2.wav,archive/Parsed_Not_Capuchinbird_Clips/rain-thunder-and-crickets-sound-effect-2.wav,0.0,3.001995464852608
crickets-chirping-noise-13.wav,archive/Parsed_Not_Capuchinbird_Clips/crickets-chirping-noise-13.wav,0.0,3.1060090702947845
rain-thunder-and-crickets-sound-effect-1.wav,archive/Parsed_Not_Capuchinbird_Clips/rain-thunder-and-crickets-sound-effect-1.wav,0.0,3.001995464852608
rain-thunder-and-crickets-sound-effect-47.wav,archive/Parsed_Not_Capuchinbird_Clips/rain-thunder-and-crickets-sound-effect-47.wav,0.0,3.001995464852608
night-insect-sounds-26.wav,archive/Parsed_Not_Capuchinbird_Clips/night-insect-sounds-26.wav,0.0,3.034988662131519
birds-singing-in-forest-sounds-41.wav,archive/Parsed_Not_Capuchinbird_Clips/birds-singing-in-forest-sounds-41.wav,0.0,3.01
robin-chirping-28.wav,archive/Parsed_Not_Capuchinbird_Clips/robin-chirping-28.wav,0.0,3.0480045351473923
cricket-sounds-for-sleep-18.wav,archive/Parsed_Not_Capuchinbird_Clips/cricket-sounds-for-sleep-18.wav,0.0,3.019002267573696
rain-thunder-and-crickets-sound-effect-29.wav,archive/Parsed_Not_Capuchinbird_Clips/rain-thunder-and-crickets-sound-effect-29.wav,0.0,3.001995464852608
birds-singing-in-forest-sounds-4.wav,archive/Parsed_Not_Capuchinbird_Clips/birds-singing-in-forest-sounds-4.wav,0.0,3.01
birds-singing-in-forest-sounds-31.wav,archive/Parsed_Not_Capuchinbird_Clips/birds-singing-in-forest-sounds-31.wav,0.0,3.01
night-insect-sounds-35.wav,archive/Parsed_Not_Capuchinbird_Clips/night-insect-sounds-35.wav,0.0,3.0350113378684807
Crickets-chirping-2.wav,archive/Parsed_Not_Capuchinbird_Clips/Crickets-chirping-2.wav,0.0,3.2549886621315194
robin-chirping-29.wav,archive/Parsed_Not_Capuchinbird_Clips/robin-chirping-29.wav,0.0,3.0480045351473923
crickets-chirping-crickets-sound-11.wav,archive/Parsed_Not_Capuchinbird_Clips/crickets-chirping-crickets-sound-11.wav,0.0,3.0670068027210884
robin-chirping-9.wav,archive/Parsed_Not_Capuchinbird_Clips/robin-chirping-9.wav,0.0,3.048979591836735
pheasant-sound-2.wav,archive/Parsed_Not_Capuchinbird_Clips/pheasant-sound-2.wav,0.0,3.512018140589569
Crickets-chirping-at-night-8.wav,archive/Parsed_Not_Capuchinbird_Clips/Crickets-chirping-at-night-8.wav,0.0,3.18
cricket-sounds-for-sleep-11.wav,archive/Parsed_Not_Capuchinbird_Clips/cricket-sounds-for-sleep-11.wav,0.0,3.019002267573696
bobwhite-quail-sound-16.wav,archive/Parsed_Not_Capuchinbird_Clips/bobwhite-quail-sound-16.wav,0.0,3.131995464852608
Crickets-chirping-8.wav,archive/Parsed_Not_Capuchinbird_Clips/Crickets-chirping-8.wav,0.0,3.255011337868481
afternoon-birds-song-in-forest-21.wav,archive/Parsed_Not_Capuchinbird_Clips/afternoon-birds-song-in-forest-21.wav,0.0,3.0570068027210886
cricket-sounds-for-sleep-33.wav,archive/Parsed_Not_Capuchinbird_Clips/cricket-sounds-for-sleep-33.wav,0.0,3.019002267573696
afternoon-birds-song-in-forest-19.wav,archive/Parsed_Not_Capuchinbird_Clips/afternoon-birds-song-in-forest-19.wav,0.0,3.0579818594104307
cricket-sounds-for-sleep-44.wav,archive/Parsed_Not_Capuchinbird_Clips/cricket-sounds-for-sleep-44.wav,0.0,3.019002267573696
rain-thunder-and-crickets-sound-effect-31.wav,archive/Parsed_Not_Capuchinbird_Clips/rain-thunder-and-crickets-sound-effect-31.wav,0.0,3.001995464852608
cricket-sounds-for-sleep-58.wav,archive/Parsed_Not_Capuchinbird_Clips/cricket-sounds-for-sleep-58.wav,0.0,3.019002267573696
crickets-chirping-crickets-sound-15.wav,archive/Parsed_Not_Capuchinbird_Clips/crickets-chirping-crickets-sound-15.wav,0.0,3.066984126984127
crickets-sound-effect-9.wav,archive/Parsed_Not_Capuchinbird_Clips/crickets-sound-effect-9.wav,0.0,3.0819954648526076
crickets-chirping-crickets-sound-18.wav,archive/Parsed_Not_Capuchinbird_Clips/crickets-chirping-crickets-sound-18.wav,0.0,3.0670068027210884
dove-bird-sounds-2.wav,archive/Parsed_Not_Capuchinbird_Clips/dove-bird-sounds-2.wav,0.0,3.0109977324263038
afternoon-birds-song-in-forest-20.wav,archive/Parsed_Not_Capuchinbird_Clips/afternoon-birds-song-in-forest-20.wav,0.0,3.056984126984127
flock-of-pigeons-cooing-sound-effect-1.wav,archive/Parsed_Not_Capuchinbird_Clips/flock-of-pigeons-cooing-sound-effect-1.wav,0.0,3.335011337868481
cricket-sounds-for-sleep-15.wav,archive/Parsed_Not_Capuchinbird_Clips/cricket-sounds-for-sleep-15.wav,0.0,3.019002267573696
birds-singing-in-forest-sounds-14.wav,archive/Parsed_Not_Capuchinbird_Clips/birds-singing-in-forest-sounds-14.wav,0.0,3.01
cicadas-noise-sound-effect-1.wav,archive/Parsed_Not_Capuchinbird_Clips/cicadas-noise-sound-effect-1.wav,0.0,3.4670068027210883
killdeer-sound-4.wav,archive/Parsed_Not_Capuchinbird_Clips/killdeer-sound-4.wav,0.0,3.151995464852608
rain-thunder-and-crickets-sound-effect-13.wav,archive/Parsed_Not_Capuchinbird_Clips/rain-thunder-and-crickets-sound-effect-13.wav,0.0,3.002018140589569
afternoon-birds-song-in-forest-7.wav,archive/Parsed_Not_Capuchinbird_Clips/afternoon-birds-song-in-forest-7.wav,0.0,3.058004535147392
robin-chirping-27.wav,archive/Parsed_Not_Capuchinbird_Clips/robin-chirping-27.wav,0.0,3.0480045351473923
crickets-sound-effect-1.wav,archive/Parsed_Not_Capuchinbird_Clips/crickets-sound-effect-1.wav,0.0,3.0819954648526076
magpies-and-crows-cawing-sound-effect-20.wav,archive/Parsed_Not_Capuchinbird_Clips/magpies-and-crows-cawing-sound-effect-20.wav,0.0,3.011020408163265
night-insect-sounds-27.wav,archive/Parsed_Not_Capuchinbird_Clips/night-insect-sounds-27.wav,0.0,3.0350113378684807
screech-owl-sounds-at-night-3.wav,archive/Parsed_Not_Capuchinbird_Clips/screech-owl-sounds-at-night-3.wav,0.0,3.2189795918367348
crickets-chirping-crickets-sound-6.wav,archive/Parsed_Not_Capuchinbird_Clips/crickets-chirping-crickets-sound-6.wav,0.0,3.0670068027210884
crickets-sound-effect-28.wav,archive/Parsed_Not_Capuchinbird_Clips/crickets-sound-effect-28.wav,0.0,3.080997732426304
Crickets-chirping-at-night-6.wav,archive/Parsed_Not_Capuchinbird_Clips/Crickets-chirping-at-night-6.wav,0.0,3.18
afternoon-birds-song-in-forest-15.wav,archive/Parsed_Not_Capuchinbird_Clips/afternoon-birds-song-in-forest-15.wav,0.0,3.058004535147392
bobwhite-quail-sound-7.wav,archive/Parsed_Not_Capuchinbird_Clips/bobwhite-quail-sound-7.wav,0.0,3.133015873015873
sparrow-sound-effect-44.wav,archive/Parsed_Not_Capuchinbird_Clips/sparrow-sound-effect-44.wav,0.0,3.04
flock-of-pigeons-cooing-sound-effect-2.wav,archive/Parsed_Not_Capuchinbird_Clips/flock-of-pigeons-cooing-sound-effect-2.wav,0.0,3.3349886621315195
crickets-sound-effect-3.wav,archive/Parsed_Not_Capuchinbird_Clips/crickets-sound-effect-3.wav,0.0,3.082018140589569
night-insect-sounds-23.wav,archive/Parsed_Not_Capuchinbird_Clips/night-insect-sounds-23.wav,0.0,3.034988662131519
crickets-chirping-crickets-sound-22.wav,archive/Parsed_Not_Capuchinbird_Clips/crickets-chirping-crickets-sound-22.wav,0.0,3.065986394557823
crickets-sound-effect-0.wav,archive/Parsed_Not_Capuchinbird_Clips/crickets-sound-effect-0.wav,0.0,3.0819954648526076
cricket-sounds-for-sleep-43.wav,archive/Parsed_Not_Capuchinbird_Clips/cricket-sounds-for-sleep-43.wav,0.0,3.019002267573696
Crickets-chirping-at-night-11.wav,archive/Parsed_Not_Capuchinbird_Clips/Crickets-chirping-at-night-11.wav,0.0,3.18
robin-chirping-17.wav,archive/Parsed_Not_Capuchinbird_Clips/robin-chirping-17.wav,0.0,3.0480045351473923
crickets-sound-effect-24.wav,archive/Parsed_Not_Capuchinbird_Clips/crickets-sound-effect-24.wav,0.0,3.080997732426304
birds-singing-in-forest-sounds-23.wav,archive/Parsed_Not_Capuchinbird_Clips/birds-singing-in-forest-sounds-23.wav,0.0,3.01
crickets-chirping-crickets-sound-0.wav,archive/Parsed_Not_Capuchinbird_Clips/crickets-chirping-crickets-sound-0.wav,0.0,3.066984126984127
rain-thunder-and-crickets-sound-effect-22.wav,archive/Parsed_Not_Capuchinbird_Clips/rain-thunder-and-crickets-sound-effect-22.wav,0.0,3.001995464852608
rain-thunder-and-crickets-sound-effect-44.wav,archive/Parsed_Not_Capuchinbird_Clips/rain-thunder-and-crickets-sound-effect-44.wav,0.0,3.001995464852608
birds-singing-in-forest-sounds-13.wav,archive/Parsed_Not_Capuchinbird_Clips/birds-singing-in-forest-sounds-13.wav,0.0,3.01
bobwhite-quail-sound-19.wav,archive/Parsed_Not_Capuchinbird_Clips/bobwhite-quail-sound-19.wav,0.0,3.131995464852608
magpies-and-crows-cawing-sound-effect-5.wav,archive/Parsed_Not_Capuchinbird_Clips/magpies-and-crows-cawing-sound-effect-5.wav,0.0,3.0119954648526077
Crickets-chirping-at-night-3.wav,archive/Parsed_Not_Capuchinbird_Clips/Crickets-chirping-at-night-3.wav,0.0,3.1809977324263037
night-insect-sounds-49.wav,archive/Parsed_Not_Capuchinbird_Clips/night-insect-sounds-49.wav,0.0,3.034988662131519
crow-cawing-sound-effect-12.wav,archive/Parsed_Not_Capuchinbird_Clips/crow-cawing-sound-effect-12.wav,0.0,3.0439909297052155
cricket-sounds-for-sleep-4.wav,archive/Parsed_Not_Capuchinbird_Clips/cricket-sounds-for-sleep-4.wav,0.0,3.02
afternoon-birds-song-in-forest-14.wav,archive/Parsed_Not_Capuchinbird_Clips/afternoon-birds-song-in-forest-14.wav,0.0,3.058004535147392
robin-chirping-0.wav,archive/Parsed_Not_Capuchinbird_Clips/robin-chirping-0.wav,0.0,3.048979591836735
sparrow-sound-effect-14.wav,archive/Parsed_Not_Capuchinbird_Clips/sparrow-sound-effect-14.wav,0.0,3.04
crickets-chirping-noise-15.wav,archive/Parsed_Not_Capuchinbird_Clips/crickets-chirping-noise-15.wav,0.0,3.105986394557823
dove-bird-sounds-1.wav,archive/Parsed_Not_Capuchinbird_Clips/dove-bird-sounds-1.wav,0.0,3.0109977324263038
crow-cawing-sound-effect-3.wav,archive/Parsed_Not_Capuchinbird_Clips/crow-cawing-sound-effect-3.wav,0.0,3.0439909297052155
dove-bird-sounds-8.wav,archive/Parsed_Not_Capuchinbird_Clips/dove-bird-sounds-8.wav,0.0,3.0109977324263038
crickets-chirping-crickets-sound-1.wav,archive/Parsed_Not_Capuchinbird_Clips/crickets-chirping-crickets-sound-1.wav,0.0,3.0670068027210884
cricket-sounds-for-sleep-53.wav,archive/Parsed_Not_Capuchinbird_Clips/cricket-sounds-for-sleep-53.wav,0.0,3.019002267573696
rain-thunder-and-crickets-sound-effect-39.wav,archive/Parsed_Not_Capuchinbird_Clips/rain-thunder-and-crickets-sound-effect-39.wav,0.0,3.001995464852608
cricket-sounds-for-sleep-29.wav,archive/Parsed_Not_Capuchinbird_Clips/cricket-sounds-for-sleep-29.wav,0.0,3.019002267573696
sparrow-sound-effect-16.wav,archive/Parsed_Not_Capuchinbird_Clips/sparrow-sound-effect-16.wav,0.0,3.04
birds-singing-in-forest-sounds-21.wav,archive/Parsed_Not_Capuchinbird_Clips/birds-singing-in-forest-sounds-21.wav,0.0,3.01
robin-chirping-25.wav,archive/Parsed_Not_Capuchinbird_Clips/robin-chirping-25.wav,0.0,3.0480045351473923
birds-singing-in-forest-sounds-39.wav,archive/Parsed_Not_Capuchinbird_Clips/birds-singing-in-forest-sounds-39.wav,0.0,3.01
curlew-sound-1.wav,archive/Parsed_Not_Capuchinbird_Clips/curlew-sound-1.wav,0.0,3.3639909297052153
robin-chirping-13.wav,archive/Parsed_Not_Capuchinbird_Clips/robin-chirping-13.wav,0.0,3.048979591836735
rain-thunder-and-crickets-sound-effect-41.wav,archive/Parsed_Not_Capuchinbird_Clips/rain-thunder-and-crickets-sound-effect-41.wav,0.0,3.001995464852608
Crickets-chirping-at-night-4.wav,archive/Parsed_Not_Capuchinbird_Clips/Crickets-chirping-at-night-4.wav,0.0,3.1809977324263037
crickets-sound-effect-34.wav,archive/Parsed_Not_Capuchinbird_Clips/crickets-sound-effect-34.wav,0.0,3.080997732426304
rain-thunder-and-crickets-sound-effect-32.wav,archive/Parsed_Not_Capuchinbird_Clips/rain-thunder-and-crickets-sound-effect-32.wav,0.0,3.001995464852608
rain-thunder-and-crickets-sound-effect-33.wav,archive/Parsed_Not_Capuchinbird_Clips/rain-thunder-and-crickets-sound-effect-33.wav,0.0,3.002018140589569
crickets-chirping-crickets-sound-10.wav,archive/Parsed_Not_Capuchinbird_Clips/crickets-chirping-crickets-sound-10.wav,0.0,3.066984126984127
killdeer-sound-2.wav,archive/Parsed_Not_Capuchinbird_Clips/killdeer-sound-2.wav,0.0,3.151995464852608
birds-singing-in-forest-sounds-36.wav,archive/Parsed_Not_Capuchinbird_Clips/birds-singing-in-forest-sounds-36.wav,0.0,3.01
afternoon-birds-song-in-forest-5.wav,archive/Parsed_Not_Capuchinbird_Clips/afternoon-birds-song-in-forest-5.wav,0.0,3.058004535147392
night-insect-sounds-19.wav,archive/Parsed_Not_Capuchinbird_Clips/night-insect-sounds-19.wav,0.0,3.034988662131519
cricket-sounds-for-sleep-1.wav,archive/Parsed_Not_Capuchinbird_Clips/cricket-sounds-for-sleep-1.wav,0.0,3.02
corncrake-sound-1.wav,archive/Parsed_Not_Capuchinbird_Clips/corncrake-sound-1.wav,0.0,3.4119954648526076
sparrow-sound-effect-9.wav,archive/Parsed_Not_Capuchinbird_Clips/sparrow-sound-effect-9.wav,0.0,3.040997732426304
cricket-sounds-for-sleep-3.wav,archive/Parsed_Not_Capuchinbird_Clips/cricket-sounds-for-sleep-3.wav,0.0,3.02
robin-chirping-10.wav,archive/Parsed_Not_Capuchinbird_Clips/robin-chirping-10.wav,0.0,3.048979591836735
crickets-sound-effect-15.wav,archive/Parsed_Not_Capuchinbird_Clips/crickets-sound-effect-15.wav,0.0,3.0819954648526076
cricket-sounds-for-sleep-34.wav,archive/Parsed_Not_Capuchinbird_Clips/cricket-sounds-for-sleep-34.wav,0.0,3.019002267573696
afternoon-birds-song-in-forest-10.wav,archive/Parsed_Not_Capuchinbird_Clips/afternoon-birds-song-in-forest-10.wav,0.0,3.0579818594104307
cricket-sounds-for-sleep-14.wav,archive/Parsed_Not_Capuchinbird_Clips/cricket-sounds-for-sleep-14.wav,0.0,3.019002267573696
Crickets-chirping-7.wav,archive/Parsed_Not_Capuchinbird_Clips/Crickets-chirping-7.wav,0.0,3.2549886621315194
